sub_num,case_nm,target,h_diff
1,EP,Close,82.8964
1,EP,Close,53.46674
1,EP,Close,69.64183
1,EP,Close,28.32316
1,EP,Close,46.45086
1,EP,Close,68.5595
1,EP,Close,72.28039
1,EP,Close,115.6568
1,EP,Close,101.9386
1,EP,Close,157.439
1,TS,Close,121.0885
1,TS,Close,197.5169
1,TS,Close,58.97688
1,TS,Close,86.35364
1,TS,Close,123.4013
1,TS,Close,82.48303
1,TS,Close,181.0921
1,TS,Close,206.7023
1,TS,Close,114.5031
1,TS,Close,103.5261
1,JS,Close,22.48941
1,JS,Close,265.8314
1,JS,Close,14.10131
1,JS,Close,53.37661
1,JS,Close,68.0057
1,JS,Close,146.7618
1,JS,Close,71.76147
1,JS,Close,70.50075
1,JS,Close,28.66808
1,JS,Close,22.46629
2,EP,Close,84.00647
2,EP,Close,114.4716
2,EP,Close,131.6155
2,EP,Close,116.8429
2,EP,Close,109.5284
2,EP,Close,200.6647
2,EP,Close,141.3609
2,EP,Close,254.0907
2,EP,Close,259.5409
2,EP,Close,127.9144
2,TS,Close,113.4574
2,TS,Close,32.34484
2,TS,Close,413.5357
2,TS,Close,63.64637
2,TS,Close,38.57992
2,TS,Close,51.98539
2,TS,Close,57.97225
2,TS,Close,71.14512
2,TS,Close,102.9302
2,TS,Close,105.1614
2,JS,Close,158.3853
2,JS,Close,93.85446
2,JS,Close,110.0501
2,JS,Close,170.7604
2,JS,Close,161.528
2,JS,Close,212.9007
2,JS,Close,188.9906
2,JS,Close,234.7862
2,JS,Close,147.3313
2,JS,Close,312.8814
3,EP,Close,17.33513
3,EP,Close,8.278048
3,EP,Close,58.27453
3,EP,Close,13.31215
3,EP,Close,140.0458
3,EP,Close,21.62929
3,EP,Close,61.54906
3,EP,Close,16.07498
3,EP,Close,15.28881
3,EP,Close,19.75441
3,TS,Close,18.09071
3,TS,Close,14.33687
3,TS,Close,9.597086
3,TS,Close,11.48486
3,TS,Close,14.39211
3,TS,Close,15.3172
3,TS,Close,15.18092
3,TS,Close,14.30924
3,TS,Close,12.56417
3,TS,Close,19.9007
3,JS,Close,20.94392
3,JS,Close,19.56511
3,JS,Close,21.4422
3,JS,Close,4.668218
3,JS,Close,9.507481
3,JS,Close,25.06079
3,JS,Close,16.60861
3,JS,Close,19.33551
3,JS,Close,16.68395
3,JS,Close,26.39655
4,EP,Close,38.56228
4,EP,Close,31.5159
4,EP,Close,46.00071
4,EP,Close,27.8014
4,EP,Close,23.02167
4,EP,Close,23.22637
4,EP,Close,36.39407
4,EP,Close,33.55697
4,EP,Close,57.92182
4,EP,Close,65.9452
4,TS,Close,178.074
4,TS,Close,70.90575
4,TS,Close,234.8782
4,TS,Close,84.09291
4,TS,Close,152.8427
4,TS,Close,55.68498
4,TS,Close,80.57331
4,TS,Close,48.47887
4,TS,Close,118.3121
4,TS,Close,155.3896
4,JS,Close,92.01079
4,JS,Close,27.48993
4,JS,Close,76.39484
4,JS,Close,15.22484
4,JS,Close,80.49614
4,JS,Close,31.29238
4,JS,Close,12.03525
4,JS,Close,30.97764
4,JS,Close,180.2862
4,JS,Close,102.0125
5,EP,Close,52.7075
5,EP,Close,41.35577
5,EP,Close,29.02503
5,EP,Close,22.61495
5,EP,Close,21.78144
5,EP,Close,21.65947
5,EP,Close,22.20159
5,EP,Close,22.32437
5,EP,Close,35.18908
5,EP,Close,31.66629
5,TS,Close,38.1254
5,TS,Close,20.88351
5,TS,Close,26.91771
5,TS,Close,21.22114
5,TS,Close,138.5288
5,TS,Close,181.7597
5,TS,Close,23.49372
5,TS,Close,7.555106
5,TS,Close,46.25668
5,TS,Close,30.46346
5,JS,Close,102.9817
5,JS,Close,65.65614
5,JS,Close,64.48235
5,JS,Close,69.68772
5,JS,Close,50.93187
5,JS,Close,71.43127
5,JS,Close,59.53327
5,JS,Close,73.10581
5,JS,Close,48.7156
5,JS,Close,44.04974
6,EP,Close,34.0613
6,EP,Close,15.821
6,EP,Close,24.9091
6,EP,Close,13.0019
6,EP,Close,58.7972
6,EP,Close,74.9823
6,EP,Close,46.2535
6,EP,Close,14.3791
6,EP,Close,47.1709
6,EP,Close,52.2004
6,TS,Close,59.4404
6,TS,Close,27.5926
6,TS,Close,28.1842
6,TS,Close,27.0038
6,TS,Close,44.5699
6,TS,Close,60.9505
6,TS,Close,24.8871
6,TS,Close,27.4204
6,TS,Close,31.0806
6,TS,Close,60.1208
6,JS,Close,20.2733
6,JS,Close,14.963
6,JS,Close,27.4056
6,JS,Close,12.8072
6,JS,Close,60.4965
6,JS,Close,41.8944
6,JS,Close,76.5219
6,JS,Close,42.0518
6,JS,Close,22.8201
6,JS,Close,18.652
7,EP,Close,37.7856
7,EP,Close,11.4188
7,EP,Close,13.6023
7,EP,Close,26.3738
7,EP,Close,9.44782
7,EP,Close,12.0971
7,EP,Close,11.0413
7,EP,Close,7.32319
7,EP,Close,9.39011
7,EP,Close,7.97919
7,TS,Close,17.8362
7,TS,Close,63.7255
7,TS,Close,21.6635
7,TS,Close,57.8283
7,TS,Close,18.5957
7,TS,Close,45.689
7,TS,Close,10.0758
7,TS,Close,11.9676
7,TS,Close,26.7366
7,TS,Close,44.8472
7,JS,Close,9.56279
7,JS,Close,13.2992
7,JS,Close,17.7798
7,JS,Close,14.6908
7,JS,Close,7.08322
7,JS,Close,10.5632
7,JS,Close,18.0127
7,JS,Close,19.2852
7,JS,Close,15.4872
7,JS,Close,13.5409
8,EP,Close,31.65487
8,EP,Close,33.18233
8,EP,Close,6.815104
8,EP,Close,33.22243
8,EP,Close,42.31424
8,EP,Close,31.37836
8,EP,Close,16.14201
8,EP,Close,46.23477
8,EP,Close,154.8379
8,EP,Close,20.71403
8,TS,Close,32.54328
8,TS,Close,21.01898
8,TS,Close,6.679374
8,TS,Close,25.54766
8,TS,Close,50.97289
8,TS,Close,34.7373
8,TS,Close,22.21051
8,TS,Close,16.18801
8,TS,Close,26.74985
8,TS,Close,29.40306
8,JS,Close,42.63863
8,JS,Close,25.68208
8,JS,Close,15.03554
8,JS,Close,26.91397
8,JS,Close,54.02216
8,JS,Close,28.44874
8,JS,Close,143.1198
8,JS,Close,24.53505
8,JS,Close,11.17022
8,JS,Close,38.60069
9,EP,Close,133.3191
9,EP,Close,85.88415
9,EP,Close,58.31917
9,EP,Close,45.38794
9,EP,Close,109.2511
9,EP,Close,73.63912
9,EP,Close,116.408
9,EP,Close,67.87246
9,EP,Close,76.59165
9,EP,Close,88.99131
9,TS,Close,43.00592
9,TS,Close,46.69758
9,TS,Close,35.47515
9,TS,Close,42.83689
9,TS,Close,34.49296
9,TS,Close,58.29107
9,TS,Close,55.17214
9,TS,Close,140.3849
9,TS,Close,232.6596
9,TS,Close,127.667
9,JS,Close,73.10259
9,JS,Close,244.4393
9,JS,Close,73.94653
9,JS,Close,183.9825
9,JS,Close,125.5675
9,JS,Close,124.3944
9,JS,Close,293.0005
9,JS,Close,174.6038
9,JS,Close,115.5967
9,JS,Close,89.09168
10,EP,Close,11.09088
10,EP,Close,45.83251
10,EP,Close,33.98394
10,EP,Close,83.09664
10,EP,Close,108.566
10,EP,Close,69.5114
10,EP,Close,56.94326
10,EP,Close,36.38323
10,EP,Close,217.4026
10,EP,Close,32.03298
10,TS,Close,21.11855
10,TS,Close,10.02171
10,TS,Close,19.90787
10,TS,Close,53.95478
10,TS,Close,22.65805
10,TS,Close,44.79363
10,TS,Close,43.98303
10,TS,Close,12.61778
10,TS,Close,24.79669
10,TS,Close,33.8221
10,JS,Close,47.50791
10,JS,Close,7.558797
10,JS,Close,43.07824
10,JS,Close,52.3183
10,JS,Close,37.10237
10,JS,Close,32.54744
10,JS,Close,23.54934
10,JS,Close,18.53233
10,JS,Close,44.77513
10,JS,Close,40.32359
11,EP,Close,47.4402
11,EP,Close,28.4736
11,EP,Close,23.753
11,EP,Close,97.384
11,EP,Close,31.1669
11,EP,Close,53.8328
11,EP,Close,27.2563
11,EP,Close,16.5741
11,EP,Close,42.3102
11,EP,Close,20.1949
11,TS,Close,32.76
11,TS,Close,8.00767
11,TS,Close,28.5922
11,TS,Close,9.45177
11,TS,Close,27.7994
11,TS,Close,45.5918
11,TS,Close,18.1467
11,TS,Close,61.4908
11,TS,Close,32.0043
11,TS,Close,38.1609
11,JS,Close,25.4753
11,JS,Close,22.3394
11,JS,Close,27.9616
11,JS,Close,21.6568
11,JS,Close,43.5757
11,JS,Close,49.9327
11,JS,Close,32.2297
11,JS,Close,17.2502
11,JS,Close,22.8444
11,JS,Close,24.3001
12,EP,Close,56.6921
12,EP,Close,25.6923
12,EP,Close,25.7524
12,EP,Close,20.1762
12,EP,Close,13.3186
12,EP,Close,12.5261
12,EP,Close,19.6556
12,EP,Close,18.4909
12,EP,Close,11.4859
12,EP,Close,16.683
12,TS,Close,15.5892
12,TS,Close,6.64134
12,TS,Close,12.7502
12,TS,Close,9.64278
12,TS,Close,7.52299
12,TS,Close,25.958
12,TS,Close,7.57549
12,TS,Close,6.88617
12,TS,Close,8.26185
12,TS,Close,12.8795
12,JS,Close,18.7827
12,JS,Close,11.6786
12,JS,Close,18.4814
12,JS,Close,10.5908
12,JS,Close,10.4904
12,JS,Close,9.30452
12,JS,Close,17.2391
12,JS,Close,7.82009
12,JS,Close,4.00809
12,JS,Close,12.8743
13,EP,Close,86.95894
13,EP,Close,27.71129
13,EP,Close,21.97528
13,EP,Close,17.4136
13,EP,Close,8.273478
13,EP,Close,8.283524
13,EP,Close,11.08624
13,EP,Close,10.40307
13,EP,Close,30.07199
13,EP,Close,10.30913
13,TS,Close,82.00972
13,TS,Close,80.08059
13,TS,Close,101.7631
13,TS,Close,61.6252
13,TS,Close,45.39525
13,TS,Close,42.28409
13,TS,Close,37.69853
13,TS,Close,30.48939
13,TS,Close,56.20121
13,TS,Close,86.54749
13,JS,Close,22.26055
13,JS,Close,79.57848
13,JS,Close,180.4256
13,JS,Close,61.94856
13,JS,Close,14.66739
13,JS,Close,135.9334
13,JS,Close,23.38876
13,JS,Close,12.3859
13,JS,Close,43.251
13,JS,Close,12.72947
14,EP,Close,30.25117
14,EP,Close,129.0813
14,EP,Close,27.51555
14,EP,Close,78.78421
14,EP,Close,29.73028
14,EP,Close,71.31842
14,EP,Close,43.4315
14,EP,Close,44.38744
14,EP,Close,87.5211
14,EP,Close,76.82705
14,TS,Close,43.88805
14,TS,Close,21.79011
14,TS,Close,48.68492
14,TS,Close,112.436
14,TS,Close,41.57958
14,TS,Close,26.09115
14,TS,Close,44.00307
14,TS,Close,27.71072
14,TS,Close,45.6601
14,TS,Close,86.71711
14,JS,Close,21.46921
14,JS,Close,32.35643
14,JS,Close,4.329537
14,JS,Close,11.2062
14,JS,Close,12.91334
14,JS,Close,5.935819
14,JS,Close,9.10842
14,JS,Close,76.21026
14,JS,Close,17.45951
14,JS,Close,11.52935
15,EP,Close,41.5495
15,EP,Close,35.91119
15,EP,Close,56.72342
15,EP,Close,57.00721
15,EP,Close,74.16693
15,EP,Close,48.33796
15,EP,Close,52.30708
15,EP,Close,58.29157
15,EP,Close,49.95616
15,EP,Close,46.24754
15,TS,Close,62.60068
15,TS,Close,25.50969
15,TS,Close,59.30231
15,TS,Close,31.14974
15,TS,Close,41.16691
15,TS,Close,40.13298
15,TS,Close,36.12292
15,TS,Close,30.36593
15,TS,Close,34.05375
15,TS,Close,30.45811
15,JS,Close,62.9314
15,JS,Close,40.13619
15,JS,Close,39.42646
15,JS,Close,146.3334
15,JS,Close,43.25128
15,JS,Close,50.846
15,JS,Close,46.73595
15,JS,Close,39.61168
15,JS,Close,55.93555
15,JS,Close,29.22667
1,EP,Mid,33.96837
1,EP,Mid,17.81041
1,EP,Mid,51.38638
1,EP,Mid,59.93282
1,EP,Mid,79.04207
1,EP,Mid,18.66268
1,EP,Mid,32.91933
1,EP,Mid,37.96941
1,EP,Mid,40.27124
1,EP,Mid,41.42043
1,TS,Mid,121.0817
1,TS,Mid,33.9925
1,TS,Mid,31.62032
1,TS,Mid,18.54583
1,TS,Mid,24.56777
1,TS,Mid,113.1441
1,TS,Mid,349.8541
1,TS,Mid,318.7252
1,TS,Mid,104.2
1,TS,Mid,154.1412
1,JS,Mid,38.32464
1,JS,Mid,27.65919
1,JS,Mid,55.41712
1,JS,Mid,134.7204
1,JS,Mid,174.0586
1,JS,Mid,275.8431
1,JS,Mid,112.02
1,JS,Mid,38.31321
1,JS,Mid,15.02293
1,JS,Mid,114.649
2,EP,Mid,32.7716
2,EP,Mid,25.3014
2,EP,Mid,59.2465
2,EP,Mid,42.7032
2,EP,Mid,75.6344
2,EP,Mid,75.4142
2,EP,Mid,55.1035
2,EP,Mid,45.687
2,EP,Mid,27.2256
2,EP,Mid,48.3954
2,TS,Mid,10.4073
2,TS,Mid,23.8463
2,TS,Mid,13.5644
2,TS,Mid,16.7165
2,TS,Mid,11.089
2,TS,Mid,14.5669
2,TS,Mid,22.3784
2,TS,Mid,6.00828
2,TS,Mid,20.9393
2,TS,Mid,15.683
2,JS,Mid,56.048
2,JS,Mid,18.7942
2,JS,Mid,81.9908
2,JS,Mid,49.1982
2,JS,Mid,50.939
2,JS,Mid,72.8039
2,JS,Mid,35.0099
2,JS,Mid,30.4896
2,JS,Mid,68.3485
2,JS,Mid,64.5897
3,EP,Mid,11.9506
3,EP,Mid,8.57087
3,EP,Mid,40.8198
3,EP,Mid,16.6087
3,EP,Mid,50.3065
3,EP,Mid,14.6535
3,EP,Mid,26.4762
3,EP,Mid,7.60095
3,EP,Mid,8.08256
3,EP,Mid,10.9424
3,TS,Mid,30.5846
3,TS,Mid,14.6612
3,TS,Mid,44.2573
3,TS,Mid,27.2528
3,TS,Mid,37.2117
3,TS,Mid,12.9421
3,TS,Mid,44.893
3,TS,Mid,36.0696
3,TS,Mid,17.7504
3,TS,Mid,14.9995
3,JS,Mid,7.72966
3,JS,Mid,9.93875
3,JS,Mid,12.4778
3,JS,Mid,11.7004
3,JS,Mid,7.93452
3,JS,Mid,13.2545
3,JS,Mid,9.17469
3,JS,Mid,8.03652
3,JS,Mid,23.0931
3,JS,Mid,10.8936
4,EP,Mid,29.75739
4,EP,Mid,53.14697
4,EP,Mid,43.40846
4,EP,Mid,39.07087
4,EP,Mid,45.14637
4,EP,Mid,51.54866
4,EP,Mid,97.61088
4,EP,Mid,29.91774
4,EP,Mid,22.96972
4,EP,Mid,48.44649
4,TS,Mid,168.7923
4,TS,Mid,75.96829
4,TS,Mid,75.15472
4,TS,Mid,130.4413
4,TS,Mid,212.884
4,TS,Mid,91.90582
4,TS,Mid,88.8097
4,TS,Mid,71.99134
4,TS,Mid,44.05266
4,TS,Mid,85.2752
4,JS,Mid,18.77262
4,JS,Mid,26.95132
4,JS,Mid,43.22095
4,JS,Mid,60.8123
4,JS,Mid,63.61292
4,JS,Mid,14.86526
4,JS,Mid,26.26525
4,JS,Mid,24.97111
4,JS,Mid,77.22221
4,JS,Mid,56.88089
5,EP,Mid,8.77709
5,EP,Mid,12.4351
5,EP,Mid,39.6709
5,EP,Mid,33.156
5,EP,Mid,21.6273
5,EP,Mid,16.2913
5,EP,Mid,13.2756
5,EP,Mid,76.8759
5,EP,Mid,36.5358
5,EP,Mid,25.0158
5,TS,Mid,10.0149
5,TS,Mid,20.6683
5,TS,Mid,37.7947
5,TS,Mid,23.4229
5,TS,Mid,27.9167
5,TS,Mid,8.73977
5,TS,Mid,20.7213
5,TS,Mid,9.35658
5,TS,Mid,10.5052
5,TS,Mid,12.4375
5,JS,Mid,26.1274
5,JS,Mid,16.917
5,JS,Mid,55.8901
5,JS,Mid,28.4882
5,JS,Mid,34.8715
5,JS,Mid,39.8287
5,JS,Mid,35.3137
5,JS,Mid,25.8506
5,JS,Mid,33.4578
5,JS,Mid,41.6916
6,EP,Mid,49.5964
6,EP,Mid,13.4346
6,EP,Mid,26.9145
6,EP,Mid,50.0577
6,EP,Mid,83.2583
6,EP,Mid,30.4102
6,EP,Mid,29.3648
6,EP,Mid,18.6247
6,EP,Mid,44.7934
6,EP,Mid,19.6467
6,TS,Mid,15.2992
6,TS,Mid,37.5547
6,TS,Mid,64.369
6,TS,Mid,35.7332
6,TS,Mid,11.0701
6,TS,Mid,45.0573
6,TS,Mid,31.2684
6,TS,Mid,18.6788
6,TS,Mid,25.938
6,TS,Mid,52.2398
6,JS,Mid,50.7808
6,JS,Mid,21.2227
6,JS,Mid,21.712
6,JS,Mid,16.1923
6,JS,Mid,69.3999
6,JS,Mid,29.7357
6,JS,Mid,32.8035
6,JS,Mid,28.4986
6,JS,Mid,24.774
6,JS,Mid,8.24514
7,EP,Mid,23.6919
7,EP,Mid,26.9331
7,EP,Mid,12.5402
7,EP,Mid,65.9689
7,EP,Mid,31.4891
7,EP,Mid,11.635
7,EP,Mid,44.5357
7,EP,Mid,17.0469
7,EP,Mid,6.07982
7,EP,Mid,12.8403
7,TS,Mid,32.0672
7,TS,Mid,57.7909
7,TS,Mid,29.5617
7,TS,Mid,56.4089
7,TS,Mid,30.3431
7,TS,Mid,61.3739
7,TS,Mid,36.9545
7,TS,Mid,44.5395
7,TS,Mid,18.8235
7,TS,Mid,46.4983
7,JS,Mid,33.9783
7,JS,Mid,43.2712
7,JS,Mid,31.8543
7,JS,Mid,64.1491
7,JS,Mid,25.4182
7,JS,Mid,40.9909
7,JS,Mid,50.8211
7,JS,Mid,45.7273
7,JS,Mid,15.2203
7,JS,Mid,47.8384
8,EP,Mid,19.4581
8,EP,Mid,42.5548
8,EP,Mid,56.5309
8,EP,Mid,25.9181
8,EP,Mid,40.1306
8,EP,Mid,27.6947
8,EP,Mid,31.5214
8,EP,Mid,22.9892
8,EP,Mid,36.4465
8,EP,Mid,13.3433
8,TS,Mid,98.1933
8,TS,Mid,33.9445
8,TS,Mid,72.5633
8,TS,Mid,27.5294
8,TS,Mid,31.213
8,TS,Mid,23.5132
8,TS,Mid,19.725
8,TS,Mid,19.451
8,TS,Mid,14.1432
8,TS,Mid,25.1848
8,JS,Mid,25.2183
8,JS,Mid,43.9293
8,JS,Mid,31.76
8,JS,Mid,77.7705
8,JS,Mid,30.8504
8,JS,Mid,26.0099
8,JS,Mid,27.8312
8,JS,Mid,22.7936
8,JS,Mid,37.031
8,JS,Mid,13.8821
9,EP,Mid,79.89737
9,EP,Mid,95.55715
9,EP,Mid,66.59161
9,EP,Mid,78.1697
9,EP,Mid,164.0501
9,EP,Mid,49.02536
9,EP,Mid,51.7721
9,EP,Mid,60.16617
9,EP,Mid,48.36761
9,EP,Mid,446.922
9,TS,Mid,64.49642
9,TS,Mid,53.34523
9,TS,Mid,63.10514
9,TS,Mid,62.56736
9,TS,Mid,61.01084
9,TS,Mid,53.3598
9,TS,Mid,42.86867
9,TS,Mid,44.78436
9,TS,Mid,58.80722
9,TS,Mid,65.55094
9,JS,Mid,48.61473
9,JS,Mid,45.44094
9,JS,Mid,35.54153
9,JS,Mid,55.09216
9,JS,Mid,48.23559
9,JS,Mid,47.36263
9,JS,Mid,45.57179
9,JS,Mid,51.79662
9,JS,Mid,53.51952
9,JS,Mid,70.5274
10,EP,Mid,81.1837
10,EP,Mid,86.7626
10,EP,Mid,28.9185
10,EP,Mid,37.7687
10,EP,Mid,15.8111
10,EP,Mid,23.9891
10,EP,Mid,16.9666
10,EP,Mid,24.5639
10,EP,Mid,35.308
10,EP,Mid,31.8632
10,TS,Mid,67.4067
10,TS,Mid,83.3094
10,TS,Mid,12.5525
10,TS,Mid,11.0553
10,TS,Mid,26.2377
10,TS,Mid,34.3358
10,TS,Mid,76.1399
10,TS,Mid,41.4116
10,TS,Mid,29.5633
10,TS,Mid,11.309
10,JS,Mid,32.8808
10,JS,Mid,7.84397
10,JS,Mid,48.2961
10,JS,Mid,47.8309
10,JS,Mid,35.8267
10,JS,Mid,92.4519
10,JS,Mid,65.3094
10,JS,Mid,70.2052
10,JS,Mid,20.3663
10,JS,Mid,72.9132
11,EP,Mid,70.08274
11,EP,Mid,83.04519
11,EP,Mid,83.95844
11,EP,Mid,175.0742
11,EP,Mid,72.78092
11,EP,Mid,29.79066
11,EP,Mid,111.6214
11,EP,Mid,43.12194
11,EP,Mid,57.79811
11,EP,Mid,25.86972
11,TS,Mid,45.95452
11,TS,Mid,33.52633
11,TS,Mid,33.86798
11,TS,Mid,41.11976
11,TS,Mid,33.76453
11,TS,Mid,29.56859
11,TS,Mid,29.641
11,TS,Mid,30.8862
11,TS,Mid,24.85143
11,TS,Mid,90.91753
11,JS,Mid,37.67339
11,JS,Mid,41.05727
11,JS,Mid,50.36649
11,JS,Mid,52.26082
11,JS,Mid,34.38276
11,JS,Mid,28.47202
11,JS,Mid,27.16478
11,JS,Mid,32.02059
11,JS,Mid,34.62762
11,JS,Mid,42.96967
12,EP,Mid,11.17799
12,EP,Mid,100.6246
12,EP,Mid,17.96552
12,EP,Mid,12.33809
12,EP,Mid,6.331461
12,EP,Mid,11.12286
12,EP,Mid,8.891214
12,EP,Mid,20.67749
12,EP,Mid,12.04649
12,EP,Mid,9.922585
12,TS,Mid,49.13594
12,TS,Mid,37.74018
12,TS,Mid,33.32534
12,TS,Mid,28.44391
12,TS,Mid,37.1088
12,TS,Mid,44.22312
12,TS,Mid,21.38882
12,TS,Mid,44.99782
12,TS,Mid,17.87068
12,TS,Mid,28.12715
12,JS,Mid,20.0492
12,JS,Mid,20.114
12,JS,Mid,29.77065
12,JS,Mid,22.72681
12,JS,Mid,19.10355
12,JS,Mid,33.24674
12,JS,Mid,30.30641
12,JS,Mid,41.66711
12,JS,Mid,24.28961
12,JS,Mid,25.55431
13,EP,Mid,24.11393
13,EP,Mid,18.03174
13,EP,Mid,9.607831
13,EP,Mid,16.11246
13,EP,Mid,25.57633
13,EP,Mid,7.442894
13,EP,Mid,14.63111
13,EP,Mid,16.04145
13,EP,Mid,9.786909
13,EP,Mid,18.20919
13,TS,Mid,37.25798
13,TS,Mid,51.30142
13,TS,Mid,53.99698
13,TS,Mid,38.27364
13,TS,Mid,236.3436
13,TS,Mid,47.90237
13,TS,Mid,36.07464
13,TS,Mid,37.25023
13,TS,Mid,29.14644
13,TS,Mid,28.40466
13,JS,Mid,51.05411
13,JS,Mid,18.09952
13,JS,Mid,198.1654
13,JS,Mid,24.85106
13,JS,Mid,16.01536
13,JS,Mid,17.08433
13,JS,Mid,14.79978
13,JS,Mid,17.05363
13,JS,Mid,10.67356
13,JS,Mid,21.01642
14,EP,Mid,13.4629
14,EP,Mid,30.9933
14,EP,Mid,21.6646
14,EP,Mid,16.0369
14,EP,Mid,9.41779
14,EP,Mid,22.5838
14,EP,Mid,30.8973
14,EP,Mid,35.1067
14,EP,Mid,23.5849
14,EP,Mid,37.7244
14,TS,Mid,18.9301
14,TS,Mid,20.2944
14,TS,Mid,50.525
14,TS,Mid,19.2728
14,TS,Mid,48.8231
14,TS,Mid,25.7946
14,TS,Mid,23.4506
14,TS,Mid,30.2343
14,TS,Mid,19.6896
14,TS,Mid,24.2496
14,JS,Mid,88.7438
14,JS,Mid,9.46698
14,JS,Mid,6.38958
14,JS,Mid,6.9101
14,JS,Mid,11.6091
14,JS,Mid,18.4262
14,JS,Mid,14.6394
14,JS,Mid,19.5959
14,JS,Mid,1.5546
14,JS,Mid,8.65675
15,EP,Mid,89.3668
15,EP,Mid,32.9524
15,EP,Mid,30.6963
15,EP,Mid,41.4708
15,EP,Mid,54.8936
15,EP,Mid,46.7214
15,EP,Mid,47.4123
15,EP,Mid,59.6584
15,EP,Mid,63.3182
15,EP,Mid,44.6106
15,TS,Mid,30.4475
15,TS,Mid,47.071
15,TS,Mid,33.3712
15,TS,Mid,44.1409
15,TS,Mid,56.1671
15,TS,Mid,45.0864
15,TS,Mid,36.8209
15,TS,Mid,43.7841
15,TS,Mid,46.671
15,TS,Mid,48.8172
15,JS,Mid,44.8135
15,JS,Mid,38.3046
15,JS,Mid,38.0085
15,JS,Mid,42.3916
15,JS,Mid,70.7261
15,JS,Mid,45.2959
15,JS,Mid,40.4662
15,JS,Mid,57.7472
15,JS,Mid,42.7902
15,JS,Mid,33.1324
1,EP,Far,86.20014
1,EP,Far,88.0733
1,EP,Far,77.68183
1,EP,Far,64.29007
1,EP,Far,34.67938
1,EP,Far,75.37573
1,EP,Far,86.28192
1,EP,Far,41.93361
1,EP,Far,78.08977
1,EP,Far,55.50748
1,TS,Far,86.841
1,TS,Far,85.61636
1,TS,Far,55.50664
1,TS,Far,52.54695
1,TS,Far,53.44396
1,TS,Far,39.36062
1,TS,Far,62.57181
1,TS,Far,49.54953
1,TS,Far,158.1465
1,TS,Far,65.97979
1,JS,Far,79.13272
1,JS,Far,78.98867
1,JS,Far,83.84309
1,JS,Far,211.8128
1,JS,Far,218.5081
1,JS,Far,65.89327
1,JS,Far,471.3104
1,JS,Far,58.60659
1,JS,Far,121.0513
1,JS,Far,133.9588
2,EP,Far,78.12741
2,EP,Far,271.1868
2,EP,Far,60.21987
2,EP,Far,141.6908
2,EP,Far,75.11355
2,EP,Far,47.98826
2,EP,Far,141.965
2,EP,Far,42.73304
2,EP,Far,29.39788
2,EP,Far,31.94951
2,TS,Far,17.17974
2,TS,Far,15.10739
2,TS,Far,35.89199
2,TS,Far,12.60038
2,TS,Far,13.33922
2,TS,Far,9.484408
2,TS,Far,41.35111
2,TS,Far,17.34237
2,TS,Far,13.96802
2,TS,Far,14.39874
2,JS,Far,40.14923
2,JS,Far,124.8602
2,JS,Far,32.72584
2,JS,Far,29.75899
2,JS,Far,52.00938
2,JS,Far,31.27979
2,JS,Far,36.41505
2,JS,Far,50.56518
2,JS,Far,24.38037
2,JS,Far,33.93219
3,EP,Far,141.2254
3,EP,Far,69.26985
3,EP,Far,54.88914
3,EP,Far,111.0034
3,EP,Far,60.60104
3,EP,Far,50.70953
3,EP,Far,160.3477
3,EP,Far,63.49695
3,EP,Far,51.12637
3,EP,Far,27.99936
3,TS,Far,102.8995
3,TS,Far,65.16639
3,TS,Far,45.34993
3,TS,Far,59.90983
3,TS,Far,88.23114
3,TS,Far,52.65706
3,TS,Far,36.44351
3,TS,Far,31.15655
3,TS,Far,35.43868
3,TS,Far,39.21594
3,JS,Far,51.88877
3,JS,Far,40.21435
3,JS,Far,45.76934
3,JS,Far,25.41396
3,JS,Far,39.38999
3,JS,Far,56.60812
3,JS,Far,48.22465
3,JS,Far,65.75824
3,JS,Far,51.98971
3,JS,Far,41.70129
4,EP,Far,37.72751
4,EP,Far,43.30994
4,EP,Far,35.94577
4,EP,Far,105.2612
4,EP,Far,45.43849
4,EP,Far,185.9438
4,EP,Far,90.47384
4,EP,Far,108.2374
4,EP,Far,74.35365
4,EP,Far,66.6573
4,TS,Far,203.8793
4,TS,Far,174.4528
4,TS,Far,134.215
4,TS,Far,245.1164
4,TS,Far,89.23622
4,TS,Far,102.97
4,TS,Far,150.4334
4,TS,Far,76.20606
4,TS,Far,78.10211
4,TS,Far,72.328
4,JS,Far,61.76619
4,JS,Far,37.22361
4,JS,Far,27.7035
4,JS,Far,67.05522
4,JS,Far,19.09402
4,JS,Far,31.78824
4,JS,Far,35.64622
4,JS,Far,122.9673
4,JS,Far,61.61314
4,JS,Far,36.05962
5,EP,Far,56.8273
5,EP,Far,74.2107
5,EP,Far,82.34
5,EP,Far,80.2139
5,EP,Far,34.7744
5,EP,Far,45.1407
5,EP,Far,63.947
5,EP,Far,77.5389
5,EP,Far,52.6912
5,EP,Far,39.4757
5,TS,Far,47.0028
5,TS,Far,24.3892
5,TS,Far,31.344
5,TS,Far,27.1433
5,TS,Far,25.334
5,TS,Far,47.6732
5,TS,Far,30.5283
5,TS,Far,32.7007
5,TS,Far,22.9595
5,TS,Far,21.0566
5,JS,Far,67.1586
5,JS,Far,20.642
5,JS,Far,43.7281
5,JS,Far,36.6146
5,JS,Far,38.4249
5,JS,Far,65.2866
5,JS,Far,19.3425
5,JS,Far,54.3078
5,JS,Far,24.5461
5,JS,Far,23.9608
6,EP,Far,72.64201
6,EP,Far,53.42083
6,EP,Far,90.61002
6,EP,Far,64.26869
6,EP,Far,94.47515
6,EP,Far,127.8444
6,EP,Far,71.34709
6,EP,Far,138.9662
6,EP,Far,46.69467
6,EP,Far,69.95484
6,TS,Far,72.39867
6,TS,Far,41.2993
6,TS,Far,40.17052
6,TS,Far,34.8785
6,TS,Far,63.18587
6,TS,Far,31.4241
6,TS,Far,40.61458
6,TS,Far,69.72979
6,TS,Far,35.96617
6,TS,Far,62.36986
6,JS,Far,24.61958
6,JS,Far,20.96273
6,JS,Far,35.39778
6,JS,Far,25.83323
6,JS,Far,30.91953
6,JS,Far,42.97735
6,JS,Far,35.44832
6,JS,Far,20.90064
6,JS,Far,43.84569
6,JS,Far,21.92619
7,EP,Far,17.01322
7,EP,Far,69.96847
7,EP,Far,33.46249
7,EP,Far,95.17818
7,EP,Far,82.21314
7,EP,Far,42.38862
7,EP,Far,25.62196
7,EP,Far,100.9835
7,EP,Far,61.83636
7,EP,Far,86.79337
7,TS,Far,71.95694
7,TS,Far,53.17257
7,TS,Far,44.90656
7,TS,Far,56.68345
7,TS,Far,58.31579
7,TS,Far,42.68571
7,TS,Far,68.29188
7,TS,Far,55.08074
7,TS,Far,56.63638
7,TS,Far,56.21348
7,JS,Far,22.04232
7,JS,Far,24.70016
7,JS,Far,33.46273
7,JS,Far,34.86123
7,JS,Far,50.56059
7,JS,Far,40.52908
7,JS,Far,34.66945
7,JS,Far,35.3595
7,JS,Far,24.52573
7,JS,Far,24.50464
8,EP,Far,74.26146
8,EP,Far,64.46691
8,EP,Far,40.90429
8,EP,Far,67.01498
8,EP,Far,49.53527
8,EP,Far,60.5349
8,EP,Far,226.1688
8,EP,Far,55.88718
8,EP,Far,20.0752
8,EP,Far,20.69862
8,TS,Far,62.72098
8,TS,Far,42.48021
8,TS,Far,46.67433
8,TS,Far,40.42494
8,TS,Far,35.09085
8,TS,Far,68.93287
8,TS,Far,49.03905
8,TS,Far,88.86711
8,TS,Far,65.29007
8,TS,Far,108.3828
8,JS,Far,46.90566
8,JS,Far,47.70698
8,JS,Far,51.83389
8,JS,Far,58.27914
8,JS,Far,42.32356
8,JS,Far,51.74005
8,JS,Far,57.75489
8,JS,Far,48.16728
8,JS,Far,29.69129
8,JS,Far,31.74773
9,EP,Far,144.7128
9,EP,Far,109.3542
9,EP,Far,83.90089
9,EP,Far,68.72296
9,EP,Far,286.9548
9,EP,Far,53.4581
9,EP,Far,113.5925
9,EP,Far,202.0787
9,EP,Far,143.0774
9,EP,Far,114.8104
9,TS,Far,82.39141
9,TS,Far,70.75819
9,TS,Far,46.19469
9,TS,Far,85.74055
9,TS,Far,70.15065
9,TS,Far,59.41152
9,TS,Far,109.1429
9,TS,Far,64.6111
9,TS,Far,84.92273
9,TS,Far,103.2354
9,JS,Far,74.9251
9,JS,Far,54.60931
9,JS,Far,79.90853
9,JS,Far,65.98418
9,JS,Far,60.66678
9,JS,Far,63.07685
9,JS,Far,64.45998
9,JS,Far,61.36426
9,JS,Far,95.08478
9,JS,Far,69.82639
10,EP,Far,217.4668
10,EP,Far,385.6476
10,EP,Far,247.4291
10,EP,Far,200.9416
10,EP,Far,198.5817
10,EP,Far,237.3323
10,EP,Far,162.2225
10,EP,Far,257.6035
10,EP,Far,276.6297
10,EP,Far,252.9108
10,TS,Far,84.31002
10,TS,Far,110.188
10,TS,Far,180.5667
10,TS,Far,104.5828
10,TS,Far,72.19904
10,TS,Far,152.7143
10,TS,Far,105.9863
10,TS,Far,84.39119
10,TS,Far,95.35811
10,TS,Far,108.5839
10,JS,Far,37.42658
10,JS,Far,79.95038
10,JS,Far,64.6236
10,JS,Far,75.82317
10,JS,Far,72.8959
10,JS,Far,87.20118
10,JS,Far,81.71151
10,JS,Far,118.6545
10,JS,Far,93.75068
10,JS,Far,118.1244
11,EP,Far,130.868
11,EP,Far,145.2602
11,EP,Far,104.7206
11,EP,Far,89.31301
11,EP,Far,115.3295
11,EP,Far,77.74884
11,EP,Far,106.4941
11,EP,Far,87.03607
11,EP,Far,78.69318
11,EP,Far,74.65043
11,TS,Far,50.53636
11,TS,Far,40.12034
11,TS,Far,47.16295
11,TS,Far,47.89322
11,TS,Far,41.02
11,TS,Far,46.41404
11,TS,Far,102.7335
11,TS,Far,62.92914
11,TS,Far,34.75427
11,TS,Far,42.9024
11,JS,Far,30.06004
11,JS,Far,27.243
11,JS,Far,31.68162
11,JS,Far,33.81389
11,JS,Far,21.45274
11,JS,Far,67.47056
11,JS,Far,40.266
11,JS,Far,35.75355
11,JS,Far,42.46494
11,JS,Far,48.41075
12,EP,Far,126.8099
12,EP,Far,41.08632
12,EP,Far,109.292
12,EP,Far,73.68411
12,EP,Far,91.47286
12,EP,Far,159.6923
12,EP,Far,37.1824
12,EP,Far,121.4891
12,EP,Far,47.34641
12,EP,Far,46.52022
12,TS,Far,280.2567
12,TS,Far,75.28973
12,TS,Far,66.32189
12,TS,Far,92.41568
12,TS,Far,75.53721
12,TS,Far,68.69641
12,TS,Far,83.60227
12,TS,Far,69.32907
12,TS,Far,51.36142
12,TS,Far,44.18785
12,JS,Far,31.27727
12,JS,Far,41.32215
12,JS,Far,36.58037
12,JS,Far,36.82713
12,JS,Far,34.05618
12,JS,Far,44.82962
12,JS,Far,26.24268
12,JS,Far,29.19262
12,JS,Far,35.15952
12,JS,Far,11.13233
13,EP,Far,12.42297
13,EP,Far,20.36329
13,EP,Far,22.94995
13,EP,Far,31.17206
13,EP,Far,42.26985
13,EP,Far,39.30567
13,EP,Far,29.59245
13,EP,Far,22.25776
13,EP,Far,21.36499
13,EP,Far,16.1364
13,TS,Far,77.85187
13,TS,Far,79.62741
13,TS,Far,104.0478
13,TS,Far,55.59535
13,TS,Far,46.41263
13,TS,Far,68.91373
13,TS,Far,39.64977
13,TS,Far,22.39246
13,TS,Far,90.82811
13,TS,Far,44.8548
13,JS,Far,90.0451
13,JS,Far,22.49111
13,JS,Far,13.38556
13,JS,Far,8.791269
13,JS,Far,6.155466
13,JS,Far,9.510774
13,JS,Far,11.22542
13,JS,Far,12.44413
13,JS,Far,10.69166
13,JS,Far,22.77895
14,EP,Far,15.4089
14,EP,Far,5.92466
14,EP,Far,30.9532
14,EP,Far,32.1005
14,EP,Far,21.0093
14,EP,Far,43.0319
14,EP,Far,25.8674
14,EP,Far,29.3722
14,EP,Far,32.7777
14,EP,Far,28.4881
14,TS,Far,46.3261
14,TS,Far,42.3962
14,TS,Far,28.9126
14,TS,Far,27.7416
14,TS,Far,32.738
14,TS,Far,71.0278
14,TS,Far,33.894
14,TS,Far,48.2991
14,TS,Far,34.4522
14,TS,Far,30.2956
14,JS,Far,6.90176
14,JS,Far,4.34411
14,JS,Far,53.7886
14,JS,Far,23.748
14,JS,Far,11.5677
14,JS,Far,29.2042
14,JS,Far,18.1182
14,JS,Far,9.34832
14,JS,Far,6.66385
14,JS,Far,6.34423
15,EP,Far,49.6158
15,EP,Far,51.6591
15,EP,Far,36.0793
15,EP,Far,36.2188
15,EP,Far,66.5664
15,EP,Far,55.8244
15,EP,Far,65.6251
15,EP,Far,65.0914
15,EP,Far,73.3458
15,EP,Far,82.7356
15,TS,Far,48.5905
15,TS,Far,53.4614
15,TS,Far,57.8062
15,TS,Far,41.6709
15,TS,Far,42.7046
15,TS,Far,38.9315
15,TS,Far,35.8263
15,TS,Far,50.427
15,TS,Far,37.1629
15,TS,Far,43.7053
15,JS,Far,44.1602
15,JS,Far,52.0427
15,JS,Far,44.4577
15,JS,Far,53.5947
15,JS,Far,45.9293
15,JS,Far,33.1005
15,JS,Far,33.4531
15,JS,Far,44.8211
15,JS,Far,35.7681
15,JS,Far,38.2381
1,EP,High,121.1775
1,EP,High,47.44377
1,EP,High,39.87879
1,EP,High,56.20836
1,EP,High,46.75176
1,EP,High,36.76803
1,EP,High,103.8518
1,EP,High,120.0989
1,EP,High,118.6873
1,EP,High,49.8741
1,TS,High,259.7395
1,TS,High,122.8143
1,TS,High,113.0346
1,TS,High,108.8699
1,TS,High,179.8515
1,TS,High,110.4795
1,TS,High,155.7907
1,TS,High,204.4831
1,TS,High,115.8691
1,TS,High,97.28305
1,JS,High,128.1606
1,JS,High,159.3751
1,JS,High,289.0101
1,JS,High,377.7272
1,JS,High,135.3831
1,JS,High,216.8613
1,JS,High,230.5847
1,JS,High,82.54466
1,JS,High,101.7483
1,JS,High,93.58424
2,EP,High,170.5384
2,EP,High,91.27278
2,EP,High,20.16333
2,EP,High,33.23433
2,EP,High,113.2541
2,EP,High,39.58122
2,EP,High,74.3658
2,EP,High,61.36829
2,EP,High,58.20318
2,EP,High,53.33375
2,TS,High,14.32127
2,TS,High,35.91234
2,TS,High,57.09809
2,TS,High,30.81145
2,TS,High,29.93181
2,TS,High,40.17552
2,TS,High,25.15303
2,TS,High,32.62398
2,TS,High,18.72904
2,TS,High,12.30674
2,JS,High,34.23275
2,JS,High,30.16573
2,JS,High,66.06394
2,JS,High,28.44091
2,JS,High,175.6178
2,JS,High,35.2941
2,JS,High,105.8538
2,JS,High,102.373
2,JS,High,100.1788
2,JS,High,62.43866
3,EP,High,51.0534
3,EP,High,25.81462
3,EP,High,25.51891
3,EP,High,38.12258
3,EP,High,40.18864
3,EP,High,34.82648
3,EP,High,56.72925
3,EP,High,26.67181
3,EP,High,57.0855
3,EP,High,36.59225
3,TS,High,52.88116
3,TS,High,114.9852
3,TS,High,75.2735
3,TS,High,39.61588
3,TS,High,50.99542
3,TS,High,48.53238
3,TS,High,87.25608
3,TS,High,44.02231
3,TS,High,70.50322
3,TS,High,63.06271
3,JS,High,75.81211
3,JS,High,44.76006
3,JS,High,110.5265
3,JS,High,51.82859
3,JS,High,47.34418
3,JS,High,84.80941
3,JS,High,53.51503
3,JS,High,70.6302
3,JS,High,69.82106
3,JS,High,63.47865
4,EP,High,49.20112
4,EP,High,33.8191
4,EP,High,45.10705
4,EP,High,113.3879
4,EP,High,59.11376
4,EP,High,64.9067
4,EP,High,39.275
4,EP,High,161.4668
4,EP,High,47.67759
4,EP,High,19.1366
4,TS,High,210.3981
4,TS,High,129.8552
4,TS,High,237.3996
4,TS,High,207.1114
4,TS,High,81.6763
4,TS,High,139.0075
4,TS,High,123.9264
4,TS,High,161.1192
4,TS,High,61.74837
4,TS,High,45.17743
4,JS,High,25.75485
4,JS,High,34.3384
4,JS,High,34.88932
4,JS,High,34.61415
4,JS,High,55.76071
4,JS,High,58.25391
4,JS,High,26.26294
4,JS,High,57.08165
4,JS,High,49.64396
4,JS,High,32.19124
5,EP,High,67.8495
5,EP,High,74.0864
5,EP,High,29.1803
5,EP,High,25.345
5,EP,High,44.2997
5,EP,High,34.3719
5,EP,High,15.8946
5,EP,High,15.0616
5,EP,High,14.6316
5,EP,High,23.4407
5,TS,High,83.5308
5,TS,High,26.2108
5,TS,High,37.6809
5,TS,High,26.1854
5,TS,High,33.5893
5,TS,High,31.8745
5,TS,High,22.3652
5,TS,High,30.0315
5,TS,High,13.2853
5,TS,High,29.2489
5,JS,High,69.6159
5,JS,High,87.2156
5,JS,High,80.8474
5,JS,High,57.3546
5,JS,High,64.4958
5,JS,High,46.0372
5,JS,High,64.4471
5,JS,High,74.0703
5,JS,High,48.0234
5,JS,High,95.0273
6,EP,High,40.5561
6,EP,High,103.2778
6,EP,High,59.56667
6,EP,High,40.17446
6,EP,High,41.48767
6,EP,High,75.27509
6,EP,High,40.34373
6,EP,High,24.81112
6,EP,High,42.01078
6,EP,High,66.13543
6,TS,High,45.01051
6,TS,High,46.00705
6,TS,High,49.84057
6,TS,High,33.85799
6,TS,High,38.95043
6,TS,High,40.73034
6,TS,High,43.162
6,TS,High,49.72162
6,TS,High,38.81987
6,TS,High,44.81834
6,JS,High,39.84267
6,JS,High,43.90545
6,JS,High,63.63402
6,JS,High,28.34123
6,JS,High,113.3876
6,JS,High,119.9079
6,JS,High,65.68599
6,JS,High,53.45064
6,JS,High,50.26133
6,JS,High,70.33126
7,EP,High,53.63983
7,EP,High,23.13845
7,EP,High,37.32324
7,EP,High,13.90013
7,EP,High,14.48719
7,EP,High,42.12766
7,EP,High,78.19999
7,EP,High,33.26119
7,EP,High,19.65859
7,EP,High,34.01714
7,TS,High,118.6425
7,TS,High,63.64975
7,TS,High,42.27182
7,TS,High,99.58125
7,TS,High,90.23125
7,TS,High,132.3759
7,TS,High,100.9432
7,TS,High,75.39611
7,TS,High,114.5558
7,TS,High,57.32625
7,JS,High,43.88895
7,JS,High,24.0866
7,JS,High,19.6665
7,JS,High,33.22937
7,JS,High,30.10249
7,JS,High,36.3017
7,JS,High,41.58824
7,JS,High,52.0793
7,JS,High,53.9241
7,JS,High,26.05547
8,EP,High,37.08677
8,EP,High,63.03961
8,EP,High,75.13262
8,EP,High,57.71137
8,EP,High,39.42255
8,EP,High,28.93051
8,EP,High,37.16527
8,EP,High,113.7333
8,EP,High,45.63219
8,EP,High,57.3432
8,TS,High,24.82642
8,TS,High,33.58046
8,TS,High,27.80733
8,TS,High,32.41476
8,TS,High,58.45939
8,TS,High,44.68668
8,TS,High,38.24179
8,TS,High,14.90279
8,TS,High,50.52796
8,TS,High,53.49749
8,JS,High,131.597
8,JS,High,45.42666
8,JS,High,81.51433
8,JS,High,60.16903
8,JS,High,48.11864
8,JS,High,93.86422
8,JS,High,59.83
8,JS,High,68.00957
8,JS,High,51.19077
8,JS,High,39.14776
9,EP,High,217.6205
9,EP,High,85.62608
9,EP,High,97.1911
9,EP,High,93.65073
9,EP,High,98.90081
9,EP,High,107.3966
9,EP,High,78.2948
9,EP,High,179.7488
9,EP,High,96.61866
9,EP,High,108.4852
9,TS,High,70.45594
9,TS,High,71.32357
9,TS,High,58.16026
9,TS,High,81.31314
9,TS,High,60.7535
9,TS,High,69.33762
9,TS,High,57.12733
9,TS,High,59.26338
9,TS,High,75.72293
9,TS,High,75.09064
9,JS,High,51.09682
9,JS,High,59.6948
9,JS,High,56.30668
9,JS,High,72.64191
9,JS,High,62.77879
9,JS,High,73.19685
9,JS,High,58.13423
9,JS,High,63.76682
9,JS,High,80.52754
9,JS,High,96.05348
10,EP,High,164.0457
10,EP,High,292.6837
10,EP,High,244.2349
10,EP,High,42.00978
10,EP,High,23.8073
10,EP,High,24.61801
10,EP,High,27.56917
10,EP,High,47.14434
10,EP,High,34.48551
10,EP,High,42.69025
10,TS,High,127.1011
10,TS,High,127.0855
10,TS,High,172.0562
10,TS,High,147.3599
10,TS,High,120.8472
10,TS,High,110.3848
10,TS,High,110.9499
10,TS,High,112.8969
10,TS,High,113.6649
10,TS,High,157.1996
10,JS,High,97.94346
10,JS,High,22.51807
10,JS,High,111.9917
10,JS,High,105.9939
10,JS,High,55.74405
10,JS,High,102.3304
10,JS,High,222.6385
10,JS,High,69.0527
10,JS,High,109.0931
10,JS,High,30.29388
11,EP,High,63.16496
11,EP,High,72.55742
11,EP,High,55.64131
11,EP,High,84.4862
11,EP,High,94.75658
11,EP,High,149.6135
11,EP,High,152.2177
11,EP,High,130.2146
11,EP,High,77.28074
11,EP,High,82.46229
11,TS,High,41.79364
11,TS,High,51.12437
11,TS,High,74.12488
11,TS,High,40.74533
11,TS,High,47.96269
11,TS,High,68.72612
11,TS,High,55.52538
11,TS,High,36.11274
11,TS,High,46.85187
11,TS,High,64.15076
11,JS,High,57.63547
11,JS,High,69.88465
11,JS,High,80.62481
11,JS,High,58.10957
11,JS,High,52.73644
11,JS,High,97.76427
11,JS,High,51.15583
11,JS,High,42.54675
11,JS,High,51.49706
11,JS,High,90.5084
12,EP,High,10.1225
12,EP,High,12.6181
12,EP,High,20.9422
12,EP,High,20.3696
12,EP,High,39.4788
12,EP,High,25.5153
12,EP,High,38.0883
12,EP,High,7.6687
12,EP,High,33.1931
12,EP,High,15.5393
12,TS,High,39.2132
12,TS,High,29.06
12,TS,High,26.6325
12,TS,High,21.3439
12,TS,High,47.5724
12,TS,High,48.6523
12,TS,High,33.5584
12,TS,High,30.9044
12,TS,High,36.5643
12,TS,High,53.9168
12,JS,High,52.0761
12,JS,High,19.0965
12,JS,High,21.4519
12,JS,High,20.7922
12,JS,High,24.1285
12,JS,High,54.7649
12,JS,High,42.7902
12,JS,High,56.4143
12,JS,High,61.525
12,JS,High,37.7443
13,EP,High,22.71189
13,EP,High,29.15833
13,EP,High,20.87474
13,EP,High,16.0295
13,EP,High,23.71927
13,EP,High,17.2884
13,EP,High,14.49714
13,EP,High,22.93464
13,EP,High,44.61198
13,EP,High,41.32604
13,TS,High,214.59
13,TS,High,54.55213
13,TS,High,93.89055
13,TS,High,56.6311
13,TS,High,65.71562
13,TS,High,90.30216
13,TS,High,54.88216
13,TS,High,62.01293
13,TS,High,81.898
13,TS,High,62.23893
13,JS,High,53.25647
13,JS,High,45.49354
13,JS,High,26.22815
13,JS,High,22.4332
13,JS,High,43.52303
13,JS,High,86.13467
13,JS,High,53.37488
13,JS,High,35.81904
13,JS,High,44.85406
13,JS,High,57.09264
14,EP,High,24.4641
14,EP,High,10.7888
14,EP,High,26.7467
14,EP,High,18.5983
14,EP,High,28.8786
14,EP,High,6.36344
14,EP,High,19.6743
14,EP,High,53.1843
14,EP,High,41.6837
14,EP,High,51.1435
14,TS,High,22.5084
14,TS,High,40.9356
14,TS,High,79.1051
14,TS,High,70.036
14,TS,High,19.4567
14,TS,High,23.7026
14,TS,High,26.3448
14,TS,High,31.5455
14,TS,High,29.98
14,TS,High,39.4557
14,JS,High,6.52609
14,JS,High,13.1461
14,JS,High,3.36839
14,JS,High,11.6668
14,JS,High,23.8005
14,JS,High,8.85782
14,JS,High,8.31308
14,JS,High,7.98573
14,JS,High,4.79927
14,JS,High,25.7261
15,EP,High,73.5453
15,EP,High,48.3209
15,EP,High,41.1173
15,EP,High,55.4521
15,EP,High,37.3819
15,EP,High,70.0165
15,EP,High,62.4186
15,EP,High,47.9245
15,EP,High,51.1547
15,EP,High,62.5649
15,TS,High,30.1442
15,TS,High,42.5735
15,TS,High,35.3014
15,TS,High,45.5744
15,TS,High,26.74
15,TS,High,41.1418
15,TS,High,50.8997
15,TS,High,34.8357
15,TS,High,33.2131
15,TS,High,42.4632
15,JS,High,56.8057
15,JS,High,59.0334
15,JS,High,57.103
15,JS,High,50.3871
15,JS,High,28.8054
15,JS,High,40.4426
15,JS,High,57.0654
15,JS,High,50.77
15,JS,High,47.0546
15,JS,High,62.582
