sub_num,case_nm,target,s_h
1,AB,Close,-1.5053
1,AB,Close,-1.4701
1,AB,Close,-1.5705
1,AB,Close,-1.5266
1,AB,Close,-1.9354
1,AB,Close,-1.5885
1,AB,Close,-1.5687
1,AB,Close,-3.7611
1,AB,Close,-1.5606
1,AB,Close,-1.5264
1,EP,Close,-2.7957
1,EP,Close,-2.6439
1,EP,Close,-2.6655
1,EP,Close,-2.6738
1,EP,Close,-2.2937
1,EP,Close,-2.0818
1,EP,Close,-2.2019
1,EP,Close,-2.9947
1,EP,Close,-2.8842
1,EP,Close,-4.9128
1,TS,Close,-3.225
1,TS,Close,-4.3617
1,TS,Close,-3.6518
1,TS,Close,-3.3658
1,TS,Close,-3.1751
1,TS,Close,-3.2517
1,TS,Close,-3.8085
1,TS,Close,-3.5092
1,TS,Close,-3.8366
1,TS,Close,-2.6687
1,JS,Close,-2.1664
1,JS,Close,-3.7893
1,JS,Close,-2.203
1,JS,Close,-2.7492
1,JS,Close,-2.7639
1,JS,Close,-4.2884
1,JS,Close,-2.1739
1,JS,Close,-2.2651
1,JS,Close,-2.0915
1,JS,Close,-1.9798
2,AB,Close,-1.5719
2,AB,Close,-1.5425
2,AB,Close,-1.3966
2,AB,Close,-1.6688
2,AB,Close,-1.3913
2,AB,Close,-1.4698
2,AB,Close,-1.5992
2,AB,Close,-1.4459
2,AB,Close,-1.5094
2,AB,Close,-1.5531
2,EP,Close,-4.1246
2,EP,Close,-3.8537
2,EP,Close,-2.4735
2,EP,Close,-3.8591
2,EP,Close,-2.7322
2,EP,Close,-2.4619
2,EP,Close,-3.7278
2,EP,Close,-2.6564
2,EP,Close,-3.1709
2,EP,Close,-1.7348
2,TS,Close,-6.3698
2,TS,Close,-2.6048
2,TS,Close,-4.1487
2,TS,Close,-2.232
2,TS,Close,-2.4723
2,TS,Close,-2.7917
2,TS,Close,-3.1222
2,TS,Close,-2.4711
2,TS,Close,-3.933
2,TS,Close,-2.8475
2,JS,Close,-2.7655
2,JS,Close,-2.6928
2,JS,Close,-3.1842
2,JS,Close,-7.6546
2,JS,Close,-6.8797
2,JS,Close,-3.7523
2,JS,Close,-3.1927
2,JS,Close,-3.2014
2,JS,Close,-3.4701
2,JS,Close,-5.4566
3,AB,Close,-1.3936
3,AB,Close,-1.5299
3,AB,Close,-1.422
3,AB,Close,-1.4027
3,AB,Close,-1.4244
3,AB,Close,-1.4497
3,AB,Close,-1.4972
3,AB,Close,-1.4018
3,AB,Close,-1.4106
3,AB,Close,-1.5189
3,EP,Close,-1.8849
3,EP,Close,-1.9178
3,EP,Close,-2.3081
3,EP,Close,-1.9132
3,EP,Close,-2.6566
3,EP,Close,-1.3982
3,EP,Close,-1.6674
3,EP,Close,-1.7689
3,EP,Close,-1.6234
3,EP,Close,-1.6772
3,TS,Close,-2.2456
3,TS,Close,-1.5689
3,TS,Close,-1.7621
3,TS,Close,-1.9601
3,TS,Close,-2.0625
3,TS,Close,-1.9021
3,TS,Close,-1.4966
3,TS,Close,-2.1243
3,TS,Close,-2.1985
3,TS,Close,-1.7576
3,JS,Close,-1.8503
3,JS,Close,-2.3451
3,JS,Close,-1.7335
3,JS,Close,-1.5827
3,JS,Close,-1.4296
3,JS,Close,-1.8052
3,JS,Close,-1.9519
3,JS,Close,-2.0229
3,JS,Close,-1.8199
3,JS,Close,-1.907
4,AB,Close,-1.5316
4,AB,Close,-1.4076
4,AB,Close,-1.5357
4,AB,Close,-1.5251
4,AB,Close,-1.3945
4,AB,Close,-1.4433
4,AB,Close,-1.3998
4,AB,Close,-1.5672
4,AB,Close,-1.5223
4,AB,Close,-1.4238
4,EP,Close,-2.7323
4,EP,Close,-2.4656
4,EP,Close,-2.3827
4,EP,Close,-2.5424
4,EP,Close,-2.0294
4,EP,Close,-1.8667
4,EP,Close,-2.1921
4,EP,Close,-2.0899
4,EP,Close,-2.1832
4,EP,Close,-2.2378
4,TS,Close,-2.2967
4,TS,Close,-2.4158
4,TS,Close,-3.6234
4,TS,Close,-2.0607
4,TS,Close,-2.0896
4,TS,Close,-2.0995
4,TS,Close,-2.0963
4,TS,Close,-2.1127
4,TS,Close,-3.1169
4,TS,Close,-3.3686
4,JS,Close,-2.6335
4,JS,Close,-1.8663
4,JS,Close,-4.7977
4,JS,Close,-1.8042
4,JS,Close,-2.8955
4,JS,Close,-2.0751
4,JS,Close,-1.9764
4,JS,Close,-1.8175
4,JS,Close,-6.9736
4,JS,Close,-2.7703
5,AB,Close,-1.9073
5,AB,Close,-1.616
5,AB,Close,-1.3985
5,AB,Close,-1.5139
5,AB,Close,-1.6544
5,AB,Close,-1.6416
5,AB,Close,-1.541
5,AB,Close,-1.5068
5,AB,Close,-1.4023
5,AB,Close,-1.5238
5,EP,Close,-1.7677
5,EP,Close,-1.6734
5,EP,Close,-1.6469
5,EP,Close,-1.6528
5,EP,Close,-1.9821
5,EP,Close,-1.8094
5,EP,Close,-1.8517
5,EP,Close,-1.5419
5,EP,Close,-1.5957
5,EP,Close,-1.7165
5,TS,Close,-1.9011
5,TS,Close,-1.853
5,TS,Close,-2.4994
5,TS,Close,-1.8217
5,TS,Close,-3.0211
5,TS,Close,-3.5863
5,TS,Close,-2.2616
5,TS,Close,-1.6162
5,TS,Close,-2.046
5,TS,Close,-3.6777
5,JS,Close,-1.9403
5,JS,Close,-2.03
5,JS,Close,-2.4575
5,JS,Close,-2.0864
5,JS,Close,-2.3726
5,JS,Close,-3.131
5,JS,Close,-2.6168
5,JS,Close,-1.6587
5,JS,Close,-2.7001
5,JS,Close,-1.8372
6,AB,Close,-1.5249
6,AB,Close,-1.5317
6,AB,Close,-1.5363
6,AB,Close,-1.5526
6,AB,Close,-1.5262
6,AB,Close,-1.5624
6,AB,Close,-1.5642
6,AB,Close,-1.4717
6,AB,Close,-1.3955
6,AB,Close,-1.3918
6,EP,Close,-2.2304
6,EP,Close,-1.6259
6,EP,Close,-1.8648
6,EP,Close,-1.7691
6,EP,Close,-2.3432
6,EP,Close,-4.4518
6,EP,Close,-7.2673
6,EP,Close,-1.6744
6,EP,Close,-1.9396
6,EP,Close,-2.4699
6,TS,Close,-2.1357
6,TS,Close,-1.916
6,TS,Close,-1.852
6,TS,Close,-1.9633
6,TS,Close,-2.0332
6,TS,Close,-2.8933
6,TS,Close,-2.0006
6,TS,Close,-2.073
6,TS,Close,-2.0584
6,TS,Close,-3.9325
6,JS,Close,-1.8109
6,JS,Close,-1.7375
6,JS,Close,-3.394
6,JS,Close,-1.9121
6,JS,Close,-3.0524
6,JS,Close,-2.9169
6,JS,Close,-2.886
6,JS,Close,-2.0914
6,JS,Close,-2.03
6,JS,Close,-2.0781
7,AB,Close,-1.4032
7,AB,Close,-1.4031
7,AB,Close,-1.398
7,AB,Close,-1.4058
7,AB,Close,-1.6401
7,AB,Close,-1.4268
7,AB,Close,-1.5114
7,AB,Close,-1.6197
7,AB,Close,-1.4482
7,AB,Close,-1.4633
7,EP,Close,-2.0354
7,EP,Close,-1.5218
7,EP,Close,-1.7903
7,EP,Close,-2.0129
7,EP,Close,-1.8575
7,EP,Close,-1.8979
7,EP,Close,-1.9753
7,EP,Close,-1.7889
7,EP,Close,-1.7331
7,EP,Close,-1.5566
7,TS,Close,-1.8899
7,TS,Close,-1.8342
7,TS,Close,-1.8602
7,TS,Close,-3.8071
7,TS,Close,-2.1709
7,TS,Close,-2.1938
7,TS,Close,-1.9154
7,TS,Close,-2.059
7,TS,Close,-2.1503
7,TS,Close,-2.0556
7,JS,Close,-1.8671
7,JS,Close,-2.2026
7,JS,Close,-1.9945
7,JS,Close,-2.0447
7,JS,Close,-2.2158
7,JS,Close,-1.6377
7,JS,Close,-1.6362
7,JS,Close,-1.7331
7,JS,Close,-1.5811
7,JS,Close,-1.8808
8,AB,Close,-1.5376
8,AB,Close,-1.7573
8,AB,Close,-1.6329
8,AB,Close,-1.5601
8,AB,Close,-1.7897
8,AB,Close,-1.6075
8,AB,Close,-1.5391
8,AB,Close,-1.8464
8,AB,Close,-1.6938
8,AB,Close,-1.6488
8,EP,Close,-2.0855
8,EP,Close,-2.7517
8,EP,Close,-1.9659
8,EP,Close,-2.5575
8,EP,Close,-2.6101
8,EP,Close,-1.9754
8,EP,Close,-1.8713
8,EP,Close,-2.2576
8,EP,Close,-3.3846
8,EP,Close,-2.063
8,TS,Close,-1.8426
8,TS,Close,-1.9715
8,TS,Close,-2.0137
8,TS,Close,-2.132
8,TS,Close,-2.296
8,TS,Close,-2.2339
8,TS,Close,-2.6086
8,TS,Close,-2.1219
8,TS,Close,-1.8933
8,TS,Close,-2.1164
8,JS,Close,-2.1033
8,JS,Close,-1.898
8,JS,Close,-1.9826
8,JS,Close,-1.9104
8,JS,Close,-2.1303
8,JS,Close,-1.7732
8,JS,Close,-3.1877
8,JS,Close,-2.1035
8,JS,Close,-1.7776
8,JS,Close,-2.0179
9,AB,Close,-1.4103
9,AB,Close,-1.6242
9,AB,Close,-1.7803
9,AB,Close,-1.592
9,AB,Close,-1.4024
9,AB,Close,-1.5062
9,AB,Close,-1.656
9,AB,Close,-1.4089
9,AB,Close,-1.8065
9,AB,Close,-1.3933
9,EP,Close,-3.8488
9,EP,Close,-2.7342
9,EP,Close,-2.3323
9,EP,Close,-2.8391
9,EP,Close,-2.982
9,EP,Close,-2.5732
9,EP,Close,-5.1542
9,EP,Close,-2.2415
9,EP,Close,-2.9175
9,EP,Close,-2.5848
9,TS,Close,-1.9049
9,TS,Close,-1.9098
9,TS,Close,-2.0209
9,TS,Close,-2.6032
9,TS,Close,-2.09
9,TS,Close,-2.455
9,TS,Close,-2.5298
9,TS,Close,-3.145
9,TS,Close,-4.0414
9,TS,Close,-2.9869
9,JS,Close,-2.924
9,JS,Close,-4.7558
9,JS,Close,-2.0906
9,JS,Close,-5.078
9,JS,Close,-3.5776
9,JS,Close,-3.4796
9,JS,Close,-4.6797
9,JS,Close,-3.0283
9,JS,Close,-2.9629
9,JS,Close,-2.4545
10,AB,Close,-1.5283
10,AB,Close,-1.6188
10,AB,Close,-1.8772
10,AB,Close,-1.6052
10,AB,Close,-1.5683
10,AB,Close,-1.6533
10,AB,Close,-1.4807
10,AB,Close,-1.9602
10,AB,Close,-1.6339
10,AB,Close,-1.5102
10,EP,Close,-1.8505
10,EP,Close,-2.145
10,EP,Close,-1.6125
10,EP,Close,-1.7541
10,EP,Close,-1.6727
10,EP,Close,-1.9065
10,EP,Close,-1.8099
10,EP,Close,-1.9122
10,EP,Close,-4.368
10,EP,Close,-1.8018
10,TS,Close,-1.7721
10,TS,Close,-1.8047
10,TS,Close,-2.2091
10,TS,Close,-3.4678
10,TS,Close,-1.8615
10,TS,Close,-2.1007
10,TS,Close,-3.0943
10,TS,Close,-1.9993
10,TS,Close,-1.5719
10,TS,Close,-2.3494
10,JS,Close,-1.7751
10,JS,Close,-2.1439
10,JS,Close,-2.306
10,JS,Close,-2.2253
10,JS,Close,-2.1949
10,JS,Close,-2.0183
10,JS,Close,-2.1015
10,JS,Close,-2.006
10,JS,Close,-2.2041
10,JS,Close,-2.1249
11,AB,Close,-1.7949
11,AB,Close,-1.4722
11,AB,Close,-1.4115
11,AB,Close,-1.3914
11,AB,Close,-1.3952
11,AB,Close,-3.5319
11,AB,Close,-2.4537
11,AB,Close,-1.4008
11,AB,Close,-1.463
11,AB,Close,-1.4302
11,EP,Close,-2.935
11,EP,Close,-1.9782
11,EP,Close,-1.8648
11,EP,Close,-6.8017
11,EP,Close,-1.8824
11,EP,Close,-3.1652
11,EP,Close,-1.8144
11,EP,Close,-1.6825
11,EP,Close,-1.8414
11,EP,Close,-1.6328
11,TS,Close,-1.7941
11,TS,Close,-2.0791
11,TS,Close,-1.6149
11,TS,Close,-1.81
11,TS,Close,-1.5913
11,TS,Close,-1.6307
11,TS,Close,-1.8383
11,TS,Close,-4.0645
11,TS,Close,-1.5985
11,TS,Close,-1.7279
11,JS,Close,-1.7917
11,JS,Close,-1.5897
11,JS,Close,-1.7406
11,JS,Close,-1.6254
11,JS,Close,-2.536
11,JS,Close,-1.6862
11,JS,Close,-1.9566
11,JS,Close,-1.7059
11,JS,Close,-1.7676
11,JS,Close,-1.7112
12,AB,Close,-1.5168
12,AB,Close,-1.5303
12,AB,Close,-1.4153
12,AB,Close,-1.6414
12,AB,Close,-1.3988
12,AB,Close,-1.4005
12,AB,Close,-1.5636
12,AB,Close,-1.4043
12,AB,Close,-1.4075
12,AB,Close,-1.3932
12,EP,Close,-2.2306
12,EP,Close,-1.7893
12,EP,Close,-1.954
12,EP,Close,-1.6496
12,EP,Close,-1.4256
12,EP,Close,-1.9933
12,EP,Close,-1.5801
12,EP,Close,-1.9132
12,EP,Close,-1.9841
12,EP,Close,-1.5159
12,TS,Close,-1.4463
12,TS,Close,-1.8072
12,TS,Close,-1.7951
12,TS,Close,-1.8358
12,TS,Close,-1.7313
12,TS,Close,-1.8191
12,TS,Close,-1.6905
12,TS,Close,-1.824
12,TS,Close,-1.8333
12,TS,Close,-1.6795
12,JS,Close,-1.7626
12,JS,Close,-1.8362
12,JS,Close,-1.7421
12,JS,Close,-1.9014
12,JS,Close,-1.6912
12,JS,Close,-1.8426
12,JS,Close,-1.6636
12,JS,Close,-1.5519
12,JS,Close,-1.8718
12,JS,Close,-1.8708
13,AB,Close,-1.4577
13,AB,Close,-1.7345
13,AB,Close,-1.7781
13,AB,Close,-1.5112
13,AB,Close,-1.4155
13,AB,Close,-1.5099
13,AB,Close,-1.5191
13,AB,Close,-1.4093
13,AB,Close,-1.751
13,AB,Close,-1.5079
13,EP,Close,-2.2702
13,EP,Close,-1.908
13,EP,Close,-1.8053
13,EP,Close,-1.9128
13,EP,Close,-1.4832
13,EP,Close,-1.6028
13,EP,Close,-1.5688
13,EP,Close,-1.8659
13,EP,Close,-1.9856
13,EP,Close,-1.6931
13,TS,Close,-2.7658
13,TS,Close,-2.8839
13,TS,Close,-2.365
13,TS,Close,-1.8771
13,TS,Close,-1.8469
13,TS,Close,-2.1634
13,TS,Close,-2.0434
13,TS,Close,-2.01
13,TS,Close,-1.8697
13,TS,Close,-3.333
13,JS,Close,-1.9875
13,JS,Close,-2.5762
13,JS,Close,-3.3085
13,JS,Close,-2.9929
13,JS,Close,-1.8515
13,JS,Close,-3.3407
13,JS,Close,-1.8591
13,JS,Close,-1.8076
13,JS,Close,-2.2379
13,JS,Close,-1.8067
14,AB,Close,-1.4092
14,AB,Close,-1.4487
14,AB,Close,-1.6556
14,AB,Close,-1.468
14,AB,Close,-1.7091
14,AB,Close,-1.4052
14,AB,Close,-1.6372
14,AB,Close,-1.4661
14,AB,Close,-1.5655
14,AB,Close,-1.3994
14,EP,Close,-1.9278
14,EP,Close,-3.7108
14,EP,Close,-1.9032
14,EP,Close,-2.364
14,EP,Close,-2.3823
14,EP,Close,-2.6647
14,EP,Close,-2.9172
14,EP,Close,-2.0113
14,EP,Close,-1.9346
14,EP,Close,-2.2535
14,TS,Close,-2.1398
14,TS,Close,-1.7715
14,TS,Close,-2.7627
14,TS,Close,-3.7758
14,TS,Close,-2.1737
14,TS,Close,-1.9147
14,TS,Close,-2.1597
14,TS,Close,-1.9807
14,TS,Close,-2.0083
14,TS,Close,-3.0366
14,JS,Close,-1.8556
14,JS,Close,-1.9414
14,JS,Close,-1.8686
14,JS,Close,-1.7442
14,JS,Close,-1.7533
14,JS,Close,-1.734
14,JS,Close,-1.7722
14,JS,Close,-3.2865
14,JS,Close,-1.8413
14,JS,Close,-1.8881
15,AB,Close,-1.6744
15,AB,Close,-1.7614
15,AB,Close,-1.6977
15,AB,Close,-1.8315
15,AB,Close,-1.7351
15,AB,Close,-1.5919
15,AB,Close,-1.7127
15,AB,Close,-1.6733
15,AB,Close,-1.6758
15,AB,Close,-1.5777
15,EP,Close,-2.0807
15,EP,Close,-2.0668
15,EP,Close,-2.0441
15,EP,Close,-2.0892
15,EP,Close,-1.8712
15,EP,Close,-1.7935
15,EP,Close,-1.7953
15,EP,Close,-1.4919
15,EP,Close,-2.1723
15,EP,Close,-1.8407
15,TS,Close,-6.4367
15,TS,Close,-1.6409
15,TS,Close,-1.7784
15,TS,Close,-1.8705
15,TS,Close,-1.8387
15,TS,Close,-1.9156
15,TS,Close,-1.6517
15,TS,Close,-1.7167
15,TS,Close,-2.0225
15,TS,Close,-1.9771
15,JS,Close,-3.6266
15,JS,Close,-1.8533
15,JS,Close,-1.7543
15,JS,Close,-9.8593
15,JS,Close,-1.7754
15,JS,Close,-2.3444
15,JS,Close,-1.7888
15,JS,Close,-1.6356
15,JS,Close,-1.5897
15,JS,Close,-1.748
1,AB,Mid,-1.4325
1,AB,Mid,-1.4349
1,AB,Mid,-1.4065
1,AB,Mid,-1.6926
1,AB,Mid,-1.3977
1,AB,Mid,-1.4141
1,AB,Mid,-1.4009
1,AB,Mid,-1.5743
1,AB,Mid,-1.4053
1,AB,Mid,-1.4011
1,EP,Mid,-1.4812
1,EP,Mid,-1.6489
1,EP,Mid,-2.5296
1,EP,Mid,-1.7162
1,EP,Mid,-1.9053
1,EP,Mid,-1.5597
1,EP,Mid,-1.5928
1,EP,Mid,-1.5491
1,EP,Mid,-1.4665
1,EP,Mid,-1.5141
1,TS,Mid,-2.7901
1,TS,Mid,-1.6281
1,TS,Mid,-1.8185
1,TS,Mid,-1.4728
1,TS,Mid,-1.774
1,TS,Mid,-3.0379
1,TS,Mid,-2.6806
1,TS,Mid,-2.5427
1,TS,Mid,-2.0233
1,TS,Mid,-1.8049
1,JS,Mid,-2.0938
1,JS,Mid,-2.0645
1,JS,Mid,-2.0054
1,JS,Mid,-1.6771
1,JS,Mid,-2.5622
1,JS,Mid,-2.2345
1,JS,Mid,-2.1033
1,JS,Mid,-1.8765
1,JS,Mid,-1.782
1,JS,Mid,-2.0083
2,AB,Mid,-1.5309
2,AB,Mid,-1.8063
2,AB,Mid,-1.6034
2,AB,Mid,-1.5351
2,AB,Mid,-1.3945
2,AB,Mid,-1.4513
2,AB,Mid,-1.5968
2,AB,Mid,-1.528
2,AB,Mid,-1.3995
2,AB,Mid,-1.4889
2,EP,Mid,-1.8494
2,EP,Mid,-1.7842
2,EP,Mid,-1.841
2,EP,Mid,-1.6109
2,EP,Mid,-2.7386
2,EP,Mid,-2.8882
2,EP,Mid,-1.866
2,EP,Mid,-2.1609
2,EP,Mid,-1.5525
2,EP,Mid,-1.7303
2,TS,Mid,-1.4858
2,TS,Mid,-1.7721
2,TS,Mid,-1.6647
2,TS,Mid,-1.8671
2,TS,Mid,-1.7077
2,TS,Mid,-1.6873
2,TS,Mid,-1.7069
2,TS,Mid,-1.6032
2,TS,Mid,-1.6521
2,TS,Mid,-1.7629
2,JS,Mid,-1.5988
2,JS,Mid,-1.6519
2,JS,Mid,-1.6154
2,JS,Mid,-1.5695
2,JS,Mid,-1.5567
2,JS,Mid,-1.6098
2,JS,Mid,-1.7063
2,JS,Mid,-1.5329
2,JS,Mid,-1.5579
2,JS,Mid,-1.6058
3,AB,Mid,-1.4294
3,AB,Mid,-1.4448
3,AB,Mid,-1.4075
3,AB,Mid,-2.2184
3,AB,Mid,-1.4489
3,AB,Mid,-1.4851
3,AB,Mid,-1.5583
3,AB,Mid,-1.4703
3,AB,Mid,-1.5023
3,AB,Mid,-1.472
3,EP,Mid,-1.4756
3,EP,Mid,-1.4133
3,EP,Mid,-2.4392
3,EP,Mid,-1.4971
3,EP,Mid,-1.8675
3,EP,Mid,-1.4847
3,EP,Mid,-1.9037
3,EP,Mid,-1.7846
3,EP,Mid,-1.4495
3,EP,Mid,-1.4602
3,TS,Mid,-1.9842
3,TS,Mid,-1.4664
3,TS,Mid,-1.6836
3,TS,Mid,-1.6444
3,TS,Mid,-1.9965
3,TS,Mid,-1.4691
3,TS,Mid,-2.1357
3,TS,Mid,-2.0989
3,TS,Mid,-1.5652
3,TS,Mid,-1.4339
3,JS,Mid,-1.5482
3,JS,Mid,-1.4356
3,JS,Mid,-1.436
3,JS,Mid,-1.7896
3,JS,Mid,-1.4427
3,JS,Mid,-1.607
3,JS,Mid,-1.4504
3,JS,Mid,-1.4373
3,JS,Mid,-1.5851
3,JS,Mid,-1.5829
4,AB,Mid,-1.3951
4,AB,Mid,-1.4269
4,AB,Mid,-1.4029
4,AB,Mid,-1.5196
4,AB,Mid,-1.3974
4,AB,Mid,-1.4176
4,AB,Mid,-1.4364
4,AB,Mid,-1.4026
4,AB,Mid,-1.4048
4,AB,Mid,-1.3947
4,EP,Mid,-2.0354
4,EP,Mid,-2.0724
4,EP,Mid,-1.9264
4,EP,Mid,-3.4361
4,EP,Mid,-3.8199
4,EP,Mid,-1.9832
4,EP,Mid,-6.4274
4,EP,Mid,-1.9526
4,EP,Mid,-2.1031
4,EP,Mid,-1.903
4,TS,Mid,-3.786
4,TS,Mid,-2.7955
4,TS,Mid,-2.1042
4,TS,Mid,-2.0748
4,TS,Mid,-2.7987
4,TS,Mid,-2.7716
4,TS,Mid,-2.2551
4,TS,Mid,-2.6432
4,TS,Mid,-1.9249
4,TS,Mid,-2.4815
4,JS,Mid,-1.7851
4,JS,Mid,-2.5461
4,JS,Mid,-2.389
4,JS,Mid,-2.0369
4,JS,Mid,-2.4118
4,JS,Mid,-1.8844
4,JS,Mid,-1.9633
4,JS,Mid,-1.9732
4,JS,Mid,-3.0105
4,JS,Mid,-2.132
5,AB,Mid,-1.653
5,AB,Mid,-1.4556
5,AB,Mid,-1.7085
5,AB,Mid,-1.4477
5,AB,Mid,-1.4786
5,AB,Mid,-1.4783
5,AB,Mid,-1.4949
5,AB,Mid,-1.4825
5,AB,Mid,-1.4533
5,AB,Mid,-1.392
5,EP,Mid,-1.4533
5,EP,Mid,-1.417
5,EP,Mid,-1.8716
5,EP,Mid,-1.4383
5,EP,Mid,-1.4381
5,EP,Mid,-1.4682
5,EP,Mid,-1.487
5,EP,Mid,-2.2103
5,EP,Mid,-1.4366
5,EP,Mid,-1.4523
5,TS,Mid,-1.6247
5,TS,Mid,-1.6729
5,TS,Mid,-1.7928
5,TS,Mid,-1.8955
5,TS,Mid,-2.0287
5,TS,Mid,-1.903
5,TS,Mid,-1.5684
5,TS,Mid,-1.8958
5,TS,Mid,-1.6111
5,TS,Mid,-1.7371
5,JS,Mid,-1.5312
5,JS,Mid,-1.9322
5,JS,Mid,-1.6323
5,JS,Mid,-1.4253
5,JS,Mid,-1.8389
5,JS,Mid,-1.737
5,JS,Mid,-1.5086
5,JS,Mid,-2.9935
5,JS,Mid,-1.4765
5,JS,Mid,-1.5806
6,AB,Mid,-1.4036
6,AB,Mid,-1.6101
6,AB,Mid,-1.4775
6,AB,Mid,-1.607
6,AB,Mid,-1.7239
6,AB,Mid,-1.4744
6,AB,Mid,-1.4053
6,AB,Mid,-1.3964
6,AB,Mid,-1.4103
6,AB,Mid,-1.4528
6,EP,Mid,-2.0166
6,EP,Mid,-1.631
6,EP,Mid,-1.5968
6,EP,Mid,-1.587
6,EP,Mid,-1.7134
6,EP,Mid,-1.6598
6,EP,Mid,-1.6541
6,EP,Mid,-1.7084
6,EP,Mid,-2.621
6,EP,Mid,-1.5855
6,TS,Mid,-1.6855
6,TS,Mid,-1.8993
6,TS,Mid,-1.6143
6,TS,Mid,-1.658
6,TS,Mid,-1.4218
6,TS,Mid,-1.7891
6,TS,Mid,-1.6316
6,TS,Mid,-1.4975
6,TS,Mid,-1.8143
6,TS,Mid,-2.5364
6,JS,Mid,-2.1603
6,JS,Mid,-1.6219
6,JS,Mid,-1.7747
6,JS,Mid,-1.4912
6,JS,Mid,-2.4307
6,JS,Mid,-1.6693
6,JS,Mid,-1.7808
6,JS,Mid,-1.6363
6,JS,Mid,-1.7499
6,JS,Mid,-1.6244
7,AB,Mid,-1.4631
7,AB,Mid,-1.7132
7,AB,Mid,-1.4474
7,AB,Mid,-1.4147
7,AB,Mid,-1.4901
7,AB,Mid,-1.4506
7,AB,Mid,-1.5274
7,AB,Mid,-1.396
7,AB,Mid,-1.6108
7,AB,Mid,-1.409
7,EP,Mid,-1.5515
7,EP,Mid,-1.5535
7,EP,Mid,-1.5688
7,EP,Mid,-1.5812
7,EP,Mid,-1.7137
7,EP,Mid,-1.5632
7,EP,Mid,-1.6136
7,EP,Mid,-1.5266
7,EP,Mid,-1.4063
7,EP,Mid,-1.4805
7,TS,Mid,-1.7363
7,TS,Mid,-1.9169
7,TS,Mid,-1.5731
7,TS,Mid,-1.9536
7,TS,Mid,-1.7379
7,TS,Mid,-2.4513
7,TS,Mid,-1.8931
7,TS,Mid,-1.6443
7,TS,Mid,-1.5761
7,TS,Mid,-2.1949
7,JS,Mid,-1.749
7,JS,Mid,-1.5724
7,JS,Mid,-1.6996
7,JS,Mid,-1.9113
7,JS,Mid,-1.6001
7,JS,Mid,-1.7947
7,JS,Mid,-1.8152
7,JS,Mid,-1.4582
7,JS,Mid,-1.982
7,JS,Mid,-1.6947
8,AB,Mid,-1.4528
8,AB,Mid,-2.5771
8,AB,Mid,-1.8742
8,AB,Mid,-1.759
8,AB,Mid,-1.858
8,AB,Mid,-1.7149
8,AB,Mid,-1.5598
8,AB,Mid,-1.5028
8,AB,Mid,-1.6627
8,AB,Mid,-1.4228
8,EP,Mid,-1.526
8,EP,Mid,-1.6284
8,EP,Mid,-1.5525
8,EP,Mid,-1.6513
8,EP,Mid,-1.5385
8,EP,Mid,-1.5236
8,EP,Mid,-1.602
8,EP,Mid,-1.9232
8,EP,Mid,-1.4242
8,EP,Mid,-1.7594
8,TS,Mid,-2.3325
8,TS,Mid,-2.1173
8,TS,Mid,-2.4119
8,TS,Mid,-1.5657
8,TS,Mid,-1.8862
8,TS,Mid,-2.2268
8,TS,Mid,-1.6032
8,TS,Mid,-1.5606
8,TS,Mid,-1.9242
8,TS,Mid,-2.3066
8,JS,Mid,-2.2136
8,JS,Mid,-1.6147
8,JS,Mid,-1.9151
8,JS,Mid,-2.124
8,JS,Mid,-1.5654
8,JS,Mid,-1.9151
8,JS,Mid,-1.8964
8,JS,Mid,-1.8476
8,JS,Mid,-1.6685
8,JS,Mid,-1.9055
9,AB,Mid,-1.3947
9,AB,Mid,-1.5034
9,AB,Mid,-1.5154
9,AB,Mid,-1.4795
9,AB,Mid,-1.4115
9,AB,Mid,-1.4812
9,AB,Mid,-1.3913
9,AB,Mid,-1.5637
9,AB,Mid,-1.6986
9,AB,Mid,-1.7223
9,EP,Mid,-4.3174
9,EP,Mid,-3.3032
9,EP,Mid,-2.4863
9,EP,Mid,-4.2039
9,EP,Mid,-2.3053
9,EP,Mid,-2.0561
9,EP,Mid,-3.0641
9,EP,Mid,-2.5496
9,EP,Mid,-2.5619
9,EP,Mid,-10.9978
9,TS,Mid,-1.8991
9,TS,Mid,-2.032
9,TS,Mid,-2.2263
9,TS,Mid,-1.6938
9,TS,Mid,-2.7694
9,TS,Mid,-1.78
9,TS,Mid,-1.7406
9,TS,Mid,-2.0381
9,TS,Mid,-2.1319
9,TS,Mid,-2.003
9,JS,Mid,-2.0396
9,JS,Mid,-2.2396
9,JS,Mid,-1.8916
9,JS,Mid,-2.1004
9,JS,Mid,-1.7497
9,JS,Mid,-2.0938
9,JS,Mid,-1.9677
9,JS,Mid,-2.4223
9,JS,Mid,-2.6199
9,JS,Mid,-2.6902
10,AB,Mid,-1.3999
10,AB,Mid,-1.4685
10,AB,Mid,-1.3991
10,AB,Mid,-1.5438
10,AB,Mid,-1.4745
10,AB,Mid,-1.4017
10,AB,Mid,-1.4098
10,AB,Mid,-1.3957
10,AB,Mid,-1.4016
10,AB,Mid,-1.49
10,EP,Mid,-4.1092
10,EP,Mid,-5.2524
10,EP,Mid,-1.9261
10,EP,Mid,-1.9689
10,EP,Mid,-1.4203
10,EP,Mid,-1.5122
10,EP,Mid,-1.6384
10,EP,Mid,-1.4794
10,EP,Mid,-1.5136
10,EP,Mid,-1.5933
10,TS,Mid,-2.9109
10,TS,Mid,-2.8464
10,TS,Mid,-1.5446
10,TS,Mid,-1.4167
10,TS,Mid,-1.7009
10,TS,Mid,-1.7165
10,TS,Mid,-2.5706
10,TS,Mid,-1.6109
10,TS,Mid,-1.592
10,TS,Mid,-1.4683
10,JS,Mid,-1.4227
10,JS,Mid,-1.5261
10,JS,Mid,-1.6746
10,JS,Mid,-1.6587
10,JS,Mid,-1.8211
10,JS,Mid,-2.4954
10,JS,Mid,-2.0698
10,JS,Mid,-2.0868
10,JS,Mid,-1.4409
10,JS,Mid,-2.404
11,AB,Mid,-1.3904
11,AB,Mid,-1.4107
11,AB,Mid,-1.3994
11,AB,Mid,-1.4669
11,AB,Mid,-1.4478
11,AB,Mid,-1.4389
11,AB,Mid,-1.4439
11,AB,Mid,-1.4008
11,AB,Mid,-1.4333
11,AB,Mid,-1.4792
11,EP,Mid,-2.84
11,EP,Mid,-3.0867
11,EP,Mid,-2.234
11,EP,Mid,-2.709
11,EP,Mid,-2.3384
11,EP,Mid,-1.6022
11,EP,Mid,-3.359
11,EP,Mid,-2.2389
11,EP,Mid,-1.7366
11,EP,Mid,-2.5531
11,TS,Mid,-2.4038
11,TS,Mid,-1.426
11,TS,Mid,-2.1366
11,TS,Mid,-1.6718
11,TS,Mid,-1.4845
11,TS,Mid,-1.9719
11,TS,Mid,-1.4424
11,TS,Mid,-1.4474
11,TS,Mid,-1.8994
11,TS,Mid,-2.2996
11,JS,Mid,-1.6492
11,JS,Mid,-1.5045
11,JS,Mid,-1.7517
11,JS,Mid,-1.8509
11,JS,Mid,-1.789
11,JS,Mid,-1.5456
11,JS,Mid,-1.4413
11,JS,Mid,-1.8668
11,JS,Mid,-1.4294
11,JS,Mid,-1.43
12,AB,Mid,-1.3922
12,AB,Mid,-1.833
12,AB,Mid,-1.5762
12,AB,Mid,-2.0995
12,AB,Mid,-1.4049
12,AB,Mid,-1.4803
12,AB,Mid,-1.399
12,AB,Mid,-1.5733
12,AB,Mid,-1.4614
12,AB,Mid,-1.6371
12,EP,Mid,-1.4971
12,EP,Mid,-3.9005
12,EP,Mid,-1.696
12,EP,Mid,-1.4844
12,EP,Mid,-1.5162
12,EP,Mid,-1.5304
12,EP,Mid,-1.4291
12,EP,Mid,-1.437
12,EP,Mid,-1.4996
12,EP,Mid,-1.5155
12,TS,Mid,-2.3028
12,TS,Mid,-1.6117
12,TS,Mid,-3.0574
12,TS,Mid,-1.8629
12,TS,Mid,-1.6723
12,TS,Mid,-1.7513
12,TS,Mid,-1.6368
12,TS,Mid,-1.8124
12,TS,Mid,-1.5416
12,TS,Mid,-1.6467
12,JS,Mid,-1.772
12,JS,Mid,-1.5405
12,JS,Mid,-2.0705
12,JS,Mid,-1.7517
12,JS,Mid,-1.5363
12,JS,Mid,-1.5177
12,JS,Mid,-1.5004
12,JS,Mid,-1.7186
12,JS,Mid,-1.4891
12,JS,Mid,-1.5984
13,AB,Mid,-1.4217
13,AB,Mid,-1.5892
13,AB,Mid,-1.4015
13,AB,Mid,-1.4531
13,AB,Mid,-2.6522
13,AB,Mid,-1.4007
13,AB,Mid,-1.4668
13,AB,Mid,-1.4108
13,AB,Mid,-1.4904
13,AB,Mid,-1.4827
13,EP,Mid,-1.4665
13,EP,Mid,-1.5726
13,EP,Mid,-1.4599
13,EP,Mid,-1.5803
13,EP,Mid,-1.5352
13,EP,Mid,-1.452
13,EP,Mid,-1.5186
13,EP,Mid,-1.5034
13,EP,Mid,-1.4866
13,EP,Mid,-1.5149
13,TS,Mid,-2.0414
13,TS,Mid,-1.7522
13,TS,Mid,-1.8012
13,TS,Mid,-2.5616
13,TS,Mid,-2.1804
13,TS,Mid,-1.6605
13,TS,Mid,-1.8781
13,TS,Mid,-1.8837
13,TS,Mid,-1.6638
13,TS,Mid,-1.5194
13,JS,Mid,-1.6785
13,JS,Mid,-1.5479
13,JS,Mid,-4.1863
13,JS,Mid,-1.7029
13,JS,Mid,-2.0101
13,JS,Mid,-1.5438
13,JS,Mid,-1.5211
13,JS,Mid,-1.58
13,JS,Mid,-1.5178
13,JS,Mid,-1.5574
14,AB,Mid,-1.408
14,AB,Mid,-1.3907
14,AB,Mid,-1.3949
14,AB,Mid,-1.401
14,AB,Mid,-1.3975
14,AB,Mid,-1.3965
14,AB,Mid,-1.3906
14,AB,Mid,-1.6082
14,AB,Mid,-1.9454
14,AB,Mid,-1.3921
14,EP,Mid,-1.5036
14,EP,Mid,-1.5518
14,EP,Mid,-1.5018
14,EP,Mid,-1.8137
14,EP,Mid,-1.4888
14,EP,Mid,-1.8524
14,EP,Mid,-1.8691
14,EP,Mid,-1.4522
14,EP,Mid,-1.7099
14,EP,Mid,-1.5975
14,TS,Mid,-1.5335
14,TS,Mid,-1.5809
14,TS,Mid,-2.6193
14,TS,Mid,-1.7454
14,TS,Mid,-2.3944
14,TS,Mid,-1.8893
14,TS,Mid,-1.6162
14,TS,Mid,-1.6376
14,TS,Mid,-1.4383
14,TS,Mid,-1.8401
14,JS,Mid,-8.3671
14,JS,Mid,-1.3982
14,JS,Mid,-1.4869
14,JS,Mid,-1.8024
14,JS,Mid,-1.3963
14,JS,Mid,-1.4178
14,JS,Mid,-1.4714
14,JS,Mid,-1.3983
14,JS,Mid,-1.4731
14,JS,Mid,-1.4675
15,AB,Mid,-2.0063
15,AB,Mid,-1.609
15,AB,Mid,-1.6002
15,AB,Mid,-1.3979
15,AB,Mid,-1.9888
15,AB,Mid,-1.4032
15,AB,Mid,-1.4899
15,AB,Mid,-1.8085
15,AB,Mid,-1.4137
15,AB,Mid,-1.5186
15,EP,Mid,-2.4873
15,EP,Mid,-1.6504
15,EP,Mid,-1.7242
15,EP,Mid,-1.6196
15,EP,Mid,-1.6252
15,EP,Mid,-1.9208
15,EP,Mid,-2.0213
15,EP,Mid,-1.6889
15,EP,Mid,-1.8468
15,EP,Mid,-1.6353
15,TS,Mid,-1.8986
15,TS,Mid,-1.7236
15,TS,Mid,-1.7954
15,TS,Mid,-2.0688
15,TS,Mid,-1.7747
15,TS,Mid,-2.0718
15,TS,Mid,-1.6964
15,TS,Mid,-2.1001
15,TS,Mid,-2.0883
15,TS,Mid,-2.0837
15,JS,Mid,-1.6224
15,JS,Mid,-1.5699
15,JS,Mid,-1.7701
15,JS,Mid,-2.8402
15,JS,Mid,-1.5551
15,JS,Mid,-1.5712
15,JS,Mid,-1.7094
15,JS,Mid,-1.7314
15,JS,Mid,-1.9832
15,JS,Mid,-1.6404
1,AB,Far,-1.4412
1,AB,Far,-1.4905
1,AB,Far,-1.4219
1,AB,Far,-1.4366
1,AB,Far,-1.4573
1,AB,Far,-1.4462
1,AB,Far,-1.4663
1,AB,Far,-1.3982
1,AB,Far,-1.4133
1,AB,Far,-1.4736
1,EP,Far,-2.558
1,EP,Far,-2.0113
1,EP,Far,-1.8529
1,EP,Far,-2.4915
1,EP,Far,-1.8169
1,EP,Far,-2.2399
1,EP,Far,-2.2905
1,EP,Far,-1.9292
1,EP,Far,-2.7146
1,EP,Far,-2.1583
1,TS,Far,-2.6283
1,TS,Far,-2.7167
1,TS,Far,-2.6214
1,TS,Far,-1.9845
1,TS,Far,-2.6172
1,TS,Far,-2.5546
1,TS,Far,-2.4317
1,TS,Far,-2.2263
1,TS,Far,-2.4285
1,TS,Far,-1.9433
1,JS,Far,-2.4085
1,JS,Far,-2.2019
1,JS,Far,-2.1124
1,JS,Far,-4.0415
1,JS,Far,-2.8248
1,JS,Far,-1.9068
1,JS,Far,-4.0742
1,JS,Far,-2.4911
1,JS,Far,-1.9614
1,JS,Far,-2.7389
2,AB,Far,-1.5483
2,AB,Far,-1.5413
2,AB,Far,-1.5167
2,AB,Far,-1.5354
2,AB,Far,-1.7958
2,AB,Far,-1.5
2,AB,Far,-1.5163
2,AB,Far,-1.4547
2,AB,Far,-1.6989
2,AB,Far,-1.4346
2,EP,Far,-2.8918
2,EP,Far,-6.2799
2,EP,Far,-2.655
2,EP,Far,-3.2104
2,EP,Far,-2.9144
2,EP,Far,-1.7227
2,EP,Far,-2.5899
2,EP,Far,-2.0722
2,EP,Far,-2.074
2,EP,Far,-1.7749
2,TS,Far,-1.7401
2,TS,Far,-1.6704
2,TS,Far,-1.9639
2,TS,Far,-2.4391
2,TS,Far,-1.9343
2,TS,Far,-2.4064
2,TS,Far,-1.9623
2,TS,Far,-1.6941
2,TS,Far,-1.788
2,TS,Far,-2.1758
2,JS,Far,-1.6172
2,JS,Far,-1.9856
2,JS,Far,-1.421
2,JS,Far,-1.6639
2,JS,Far,-1.4852
2,JS,Far,-1.4532
2,JS,Far,-1.6095
2,JS,Far,-1.7289
2,JS,Far,-1.593
2,JS,Far,-1.4988
3,AB,Far,-1.4055
3,AB,Far,-1.5382
3,AB,Far,-1.4841
3,AB,Far,-1.473
3,AB,Far,-1.5119
3,AB,Far,-1.8045
3,AB,Far,-1.5222
3,AB,Far,-1.5353
3,AB,Far,-1.4266
3,AB,Far,-1.4776
3,EP,Far,-3.4839
3,EP,Far,-2.4246
3,EP,Far,-2.0046
3,EP,Far,-2.49
3,EP,Far,-2.061
3,EP,Far,-2.1063
3,EP,Far,-3.4085
3,EP,Far,-2.0858
3,EP,Far,-1.9752
3,EP,Far,-1.7952
3,TS,Far,-2.5176
3,TS,Far,-1.84
3,TS,Far,-2.0679
3,TS,Far,-2.1912
3,TS,Far,-1.9524
3,TS,Far,-1.9746
3,TS,Far,-2.0225
3,TS,Far,-1.7305
3,TS,Far,-1.8207
3,TS,Far,-1.9752
3,JS,Far,-2.1745
3,JS,Far,-1.8052
3,JS,Far,-1.907
3,JS,Far,-1.6566
3,JS,Far,-1.8845
3,JS,Far,-1.8665
3,JS,Far,-2.0835
3,JS,Far,-2.1799
3,JS,Far,-2.4347
3,JS,Far,-1.7338
4,AB,Far,-1.8137
4,AB,Far,-1.4112
4,AB,Far,-1.4052
4,AB,Far,-1.4017
4,AB,Far,-1.4064
4,AB,Far,-1.4104
4,AB,Far,-1.3965
4,AB,Far,-1.4012
4,AB,Far,-1.4085
4,AB,Far,-1.4261
4,EP,Far,-2.04
4,EP,Far,-3.7853
4,EP,Far,-2.6608
4,EP,Far,-5.296
4,EP,Far,-2.1931
4,EP,Far,-4.9221
4,EP,Far,-4.9015
4,EP,Far,-3.8087
4,EP,Far,-2.0825
4,EP,Far,-4.9391
4,TS,Far,-2.6015
4,TS,Far,-3.1769
4,TS,Far,-3.2741
4,TS,Far,-3.0043
4,TS,Far,-2.2925
4,TS,Far,-2.3054
4,TS,Far,-2.3806
4,TS,Far,-2.686
4,TS,Far,-2.1748
4,TS,Far,-2.3306
4,JS,Far,-2.2363
4,JS,Far,-2.0211
4,JS,Far,-2.6209
4,JS,Far,-2.4698
4,JS,Far,-2.4742
4,JS,Far,-2.4385
4,JS,Far,-2.0684
4,JS,Far,-2.1575
4,JS,Far,-2.2517
4,JS,Far,-2.3292
5,AB,Far,-1.4259
5,AB,Far,-1.4128
5,AB,Far,-1.4338
5,AB,Far,-1.4083
5,AB,Far,-1.4285
5,AB,Far,-1.4214
5,AB,Far,-1.3969
5,AB,Far,-1.4067
5,AB,Far,-1.4068
5,AB,Far,-1.4063
5,EP,Far,-2.0569
5,EP,Far,-2.6306
5,EP,Far,-2.5809
5,EP,Far,-2.1219
5,EP,Far,-1.6404
5,EP,Far,-1.8658
5,EP,Far,-1.8605
5,EP,Far,-2.0478
5,EP,Far,-1.8427
5,EP,Far,-3.2594
5,TS,Far,-2.9134
5,TS,Far,-2.0709
5,TS,Far,-2.0551
5,TS,Far,-2.8048
5,TS,Far,-2.6634
5,TS,Far,-2.7906
5,TS,Far,-2.0599
5,TS,Far,-2.4909
5,TS,Far,-2.0973
5,TS,Far,-2.2113
5,JS,Far,-2.1638
5,JS,Far,-1.7987
5,JS,Far,-1.5226
5,JS,Far,-1.8909
5,JS,Far,-1.7862
5,JS,Far,-1.9205
5,JS,Far,-1.6875
5,JS,Far,-2.5493
5,JS,Far,-1.5102
5,JS,Far,-1.9564
6,AB,Far,-1.5827
6,AB,Far,-1.4092
6,AB,Far,-1.4528
6,AB,Far,-1.4325
6,AB,Far,-1.4245
6,AB,Far,-1.4177
6,AB,Far,-1.4303
6,AB,Far,-1.461
6,AB,Far,-1.4726
6,AB,Far,-1.4027
6,EP,Far,-2.2523
6,EP,Far,-1.7476
6,EP,Far,-1.6634
6,EP,Far,-1.8147
6,EP,Far,-3.196
6,EP,Far,-4.3444
6,EP,Far,-2.1179
6,EP,Far,-3.5675
6,EP,Far,-1.9433
6,EP,Far,-2.4205
6,TS,Far,-2.1313
6,TS,Far,-2.0306
6,TS,Far,-1.9558
6,TS,Far,-1.7233
6,TS,Far,-2.0246
6,TS,Far,-1.8529
6,TS,Far,-1.7517
6,TS,Far,-1.8655
6,TS,Far,-1.6238
6,TS,Far,-1.7715
6,JS,Far,-1.5408
6,JS,Far,-1.4919
6,JS,Far,-1.7998
6,JS,Far,-1.5548
6,JS,Far,-1.4783
6,JS,Far,-1.5199
6,JS,Far,-1.5077
6,JS,Far,-1.4418
6,JS,Far,-1.5984
6,JS,Far,-1.4756
7,AB,Far,-1.4978
7,AB,Far,-1.5066
7,AB,Far,-1.4983
7,AB,Far,-1.5976
7,AB,Far,-1.3957
7,AB,Far,-1.3899
7,AB,Far,-1.4813
7,AB,Far,-1.4124
7,AB,Far,-1.434
7,AB,Far,-1.5292
7,EP,Far,-1.5725
7,EP,Far,-1.8703
7,EP,Far,-2.0316
7,EP,Far,-2.2399
7,EP,Far,-2.2763
7,EP,Far,-1.7068
7,EP,Far,-1.748
7,EP,Far,-2.8246
7,EP,Far,-1.7534
7,EP,Far,-2.4793
7,TS,Far,-2.2062
7,TS,Far,-1.9719
7,TS,Far,-1.635
7,TS,Far,-1.7418
7,TS,Far,-2.1434
7,TS,Far,-1.9002
7,TS,Far,-1.6778
7,TS,Far,-1.7012
7,TS,Far,-1.6349
7,TS,Far,-1.7189
7,JS,Far,-1.6972
7,JS,Far,-1.9616
7,JS,Far,-1.638
7,JS,Far,-1.8787
7,JS,Far,-2.1682
7,JS,Far,-1.5648
7,JS,Far,-1.7142
7,JS,Far,-1.6302
7,JS,Far,-2.159
7,JS,Far,-2.708
8,AB,Far,-1.5547
8,AB,Far,-1.5091
8,AB,Far,-1.5348
8,AB,Far,-1.497
8,AB,Far,-1.5271
8,AB,Far,-1.3971
8,AB,Far,-1.3924
8,AB,Far,-1.5542
8,AB,Far,-1.5814
8,AB,Far,-1.4346
8,EP,Far,-2.1303
8,EP,Far,-1.9116
8,EP,Far,-1.747
8,EP,Far,-2.2724
8,EP,Far,-2.0108
8,EP,Far,-1.7736
8,EP,Far,-4.8153
8,EP,Far,-1.658
8,EP,Far,-1.559
8,EP,Far,-1.9326
8,TS,Far,-2.6607
8,TS,Far,-2.342
8,TS,Far,-2.9214
8,TS,Far,-2.5946
8,TS,Far,-2.3512
8,TS,Far,-2.8712
8,TS,Far,-2.6748
8,TS,Far,-2.1794
8,TS,Far,-2.496
8,TS,Far,-2.6249
8,JS,Far,-1.9131
8,JS,Far,-1.8965
8,JS,Far,-2.2632
8,JS,Far,-2.3603
8,JS,Far,-2.3564
8,JS,Far,-2.4438
8,JS,Far,-2.2877
8,JS,Far,-2.1533
8,JS,Far,-2.5064
8,JS,Far,-2.2517
9,AB,Far,-1.4948
9,AB,Far,-1.906
9,AB,Far,-1.5572
9,AB,Far,-1.4384
9,AB,Far,-1.5201
9,AB,Far,-1.5003
9,AB,Far,-1.8848
9,AB,Far,-1.625
9,AB,Far,-1.5467
9,AB,Far,-1.5076
9,EP,Far,-3.0219
9,EP,Far,-4.2795
9,EP,Far,-3.245
9,EP,Far,-2.9557
9,EP,Far,-11.5529
9,EP,Far,-2.1128
9,EP,Far,-2.8252
9,EP,Far,-5.9483
9,EP,Far,-4.2974
9,EP,Far,-3.6775
9,TS,Far,-1.8507
9,TS,Far,-2.0135
9,TS,Far,-1.9418
9,TS,Far,-2.2861
9,TS,Far,-2.3834
9,TS,Far,-2.1527
9,TS,Far,-2.5505
9,TS,Far,-2.5122
9,TS,Far,-3.1322
9,TS,Far,-2.8658
9,JS,Far,-2.7159
9,JS,Far,-2.2387
9,JS,Far,-2.8665
9,JS,Far,-2.6183
9,JS,Far,-2.8773
9,JS,Far,-2.3121
9,JS,Far,-2.6481
9,JS,Far,-2.75
9,JS,Far,-3.0704
9,JS,Far,-2.5477
10,AB,Far,-1.4142
10,AB,Far,-1.4048
10,AB,Far,-1.5064
10,AB,Far,-1.5367
10,AB,Far,-1.4379
10,AB,Far,-1.4028
10,AB,Far,-1.4659
10,AB,Far,-1.4112
10,AB,Far,-1.541
10,AB,Far,-1.4033
10,EP,Far,-3.0781
10,EP,Far,-3.032
10,EP,Far,-3.4166
10,EP,Far,-3.383
10,EP,Far,-2.7777
10,EP,Far,-2.4477
10,EP,Far,-1.9915
10,EP,Far,-2.5977
10,EP,Far,-2.6845
10,EP,Far,-2.856
10,TS,Far,-2.4682
10,TS,Far,-1.8849
10,TS,Far,-3.7823
10,TS,Far,-2.1707
10,TS,Far,-1.9976
10,TS,Far,-3.1522
10,TS,Far,-3.2247
10,TS,Far,-2.4367
10,TS,Far,-2.4945
10,TS,Far,-2.7459
10,JS,Far,-2.5072
10,JS,Far,-2.3093
10,JS,Far,-2.0855
10,JS,Far,-2.038
10,JS,Far,-1.8067
10,JS,Far,-2.121
10,JS,Far,-2.0452
10,JS,Far,-2.2167
10,JS,Far,-1.991
10,JS,Far,-2.1787
11,AB,Far,-1.5235
11,AB,Far,-1.41
11,AB,Far,-1.4507
11,AB,Far,-1.3994
11,AB,Far,-1.4579
11,AB,Far,-1.5073
11,AB,Far,-2.1471
11,AB,Far,-1.5459
11,AB,Far,-1.5707
11,AB,Far,-1.5211
11,EP,Far,-2.3581
11,EP,Far,-2.3546
11,EP,Far,-3.1814
11,EP,Far,-2.2031
11,EP,Far,-2.9269
11,EP,Far,-2.6156
11,EP,Far,-2.6588
11,EP,Far,-3.3274
11,EP,Far,-3.3816
11,EP,Far,-2.6108
11,TS,Far,-1.734
11,TS,Far,-1.7292
11,TS,Far,-1.707
11,TS,Far,-1.8251
11,TS,Far,-1.902
11,TS,Far,-2.0798
11,TS,Far,-3.8701
11,TS,Far,-2.0806
11,TS,Far,-1.9577
11,TS,Far,-1.6653
11,JS,Far,-1.7181
11,JS,Far,-1.4749
11,JS,Far,-1.4397
11,JS,Far,-1.9928
11,JS,Far,-1.5089
11,JS,Far,-2.6663
11,JS,Far,-1.5098
11,JS,Far,-1.9261
11,JS,Far,-2.3514
11,JS,Far,-1.7292
12,AB,Far,-1.4509
12,AB,Far,-1.5524
12,AB,Far,-1.4292
12,AB,Far,-1.7284
12,AB,Far,-1.4105
12,AB,Far,-1.5176
12,AB,Far,-1.4045
12,AB,Far,-1.5628
12,AB,Far,-1.5403
12,AB,Far,-1.6347
12,EP,Far,-2.9362
12,EP,Far,-1.9521
12,EP,Far,-4.0968
12,EP,Far,-2.846
12,EP,Far,-3.4617
12,EP,Far,-4.1283
12,EP,Far,-1.8885
12,EP,Far,-3.1841
12,EP,Far,-2.1649
12,EP,Far,-2.6688
12,TS,Far,-4.3502
12,TS,Far,-3.2473
12,TS,Far,-2.1014
12,TS,Far,-2.7285
12,TS,Far,-2.5225
12,TS,Far,-1.9619
12,TS,Far,-2.2228
12,TS,Far,-2.326
12,TS,Far,-1.9891
12,TS,Far,-2.0431
12,JS,Far,-1.654
12,JS,Far,-1.6108
12,JS,Far,-1.6144
12,JS,Far,-1.8405
12,JS,Far,-2.136
12,JS,Far,-1.6645
12,JS,Far,-1.5827
12,JS,Far,-1.7981
12,JS,Far,-1.6326
12,JS,Far,-1.9892
13,AB,Far,-1.5335
13,AB,Far,-1.4119
13,AB,Far,-1.5003
13,AB,Far,-1.4524
13,AB,Far,-1.5178
13,AB,Far,-1.421
13,AB,Far,-1.4174
13,AB,Far,-1.4778
13,AB,Far,-1.4828
13,AB,Far,-1.4128
13,EP,Far,-1.5338
13,EP,Far,-1.5616
13,EP,Far,-1.7153
13,EP,Far,-1.5943
13,EP,Far,-1.7903
13,EP,Far,-1.6576
13,EP,Far,-1.6837
13,EP,Far,-1.6509
13,EP,Far,-1.5517
13,EP,Far,-1.59
13,TS,Far,-1.7692
13,TS,Far,-2.2547
13,TS,Far,-2.7162
13,TS,Far,-1.6476
13,TS,Far,-1.6694
13,TS,Far,-1.9984
13,TS,Far,-1.7258
13,TS,Far,-1.6481
13,TS,Far,-1.657
13,TS,Far,-1.6857
13,JS,Far,-2.334
13,JS,Far,-1.4125
13,JS,Far,-1.713
13,JS,Far,-1.6544
13,JS,Far,-1.6342
13,JS,Far,-1.5298
13,JS,Far,-2.0094
13,JS,Far,-1.6019
13,JS,Far,-1.577
13,JS,Far,-1.6002
14,AB,Far,-1.4057
14,AB,Far,-1.4671
14,AB,Far,-1.4803
14,AB,Far,-1.3937
14,AB,Far,-1.5204
14,AB,Far,-1.6738
14,AB,Far,-1.418
14,AB,Far,-1.5005
14,AB,Far,-1.4479
14,AB,Far,-1.3994
14,EP,Far,-1.831
14,EP,Far,-1.6481
14,EP,Far,-1.6237
14,EP,Far,-1.8558
14,EP,Far,-1.9822
14,EP,Far,-1.4863
14,EP,Far,-1.8868
14,EP,Far,-1.8744
14,EP,Far,-1.5687
14,EP,Far,-1.7805
14,TS,Far,-2.2466
14,TS,Far,-1.9633
14,TS,Far,-1.8638
14,TS,Far,-1.6377
14,TS,Far,-1.8623
14,TS,Far,-2.3045
14,TS,Far,-1.9287
14,TS,Far,-2.3878
14,TS,Far,-2.1361
14,TS,Far,-1.9998
14,JS,Far,-1.617
14,JS,Far,-1.6371
14,JS,Far,-1.6734
14,JS,Far,-1.5516
14,JS,Far,-1.5515
14,JS,Far,-1.6708
14,JS,Far,-1.5248
14,JS,Far,-1.626
14,JS,Far,-1.6107
14,JS,Far,-1.5433
15,AB,Far,-1.6102
15,AB,Far,-1.4425
15,AB,Far,-1.6746
15,AB,Far,-1.4822
15,AB,Far,-1.4748
15,AB,Far,-1.4658
15,AB,Far,-1.4647
15,AB,Far,-1.4595
15,AB,Far,-1.467
15,AB,Far,-1.6531
15,EP,Far,-1.8151
15,EP,Far,-1.784
15,EP,Far,-1.7775
15,EP,Far,-1.7722
15,EP,Far,-1.7249
15,EP,Far,-1.9385
15,EP,Far,-1.8905
15,EP,Far,-1.9184
15,EP,Far,-2.2358
15,EP,Far,-2.1595
15,TS,Far,-2.1875
15,TS,Far,-2.2448
15,TS,Far,-2.0963
15,TS,Far,-2.0832
15,TS,Far,-2.2773
15,TS,Far,-1.9299
15,TS,Far,-1.9903
15,TS,Far,-1.9629
15,TS,Far,-2.2247
15,TS,Far,-2.0422
15,JS,Far,-1.7567
15,JS,Far,-1.7833
15,JS,Far,-2.0848
15,JS,Far,-1.7631
15,JS,Far,-1.9936
15,JS,Far,-1.6994
15,JS,Far,-1.9212
15,JS,Far,-2.0532
15,JS,Far,-1.5366
15,JS,Far,-1.9063
1,AB,High,-1.7579
1,AB,High,-1.4355
1,AB,High,-1.4623
1,AB,High,-1.4775
1,AB,High,-1.5704
1,AB,High,-1.5793
1,AB,High,-1.5078
1,AB,High,-1.4791
1,AB,High,-1.4162
1,AB,High,-1.4728
1,EP,High,-1.7266
1,EP,High,-2.2395
1,EP,High,-1.8174
1,EP,High,-2.9347
1,EP,High,-1.7234
1,EP,High,-1.8857
1,EP,High,-2.0604
1,EP,High,-2.0837
1,EP,High,-1.9824
1,EP,High,-1.9262
1,TS,High,-2.8592
1,TS,High,-2.2048
1,TS,High,-2.0719
1,TS,High,-2.2059
1,TS,High,-3.1429
1,TS,High,-2.3006
1,TS,High,-3.2556
1,TS,High,-2.6295
1,TS,High,-2.2854
1,TS,High,-2.4533
1,JS,High,-2.5043
1,JS,High,-3.4234
1,JS,High,-2.9295
1,JS,High,-2.4716
1,JS,High,-2.1755
1,JS,High,-3.2411
1,JS,High,-3.4718
1,JS,High,-1.9625
1,JS,High,-2.8602
1,JS,High,-2.0056
2,AB,High,-1.5587
2,AB,High,-1.4146
2,AB,High,-1.5163
2,AB,High,-1.5229
2,AB,High,-1.4259
2,AB,High,-1.4835
2,AB,High,-1.4086
2,AB,High,-1.4038
2,AB,High,-1.5311
2,AB,High,-1.5251
2,EP,High,-2.428
2,EP,High,-2.1039
2,EP,High,-1.6131
2,EP,High,-1.7567
2,EP,High,-2.6344
2,EP,High,-1.7246
2,EP,High,-2.2297
2,EP,High,-1.7923
2,EP,High,-1.8179
2,EP,High,-1.8585
2,TS,High,-1.691
2,TS,High,-1.534
2,TS,High,-2.4608
2,TS,High,-1.6861
2,TS,High,-1.4906
2,TS,High,-1.8629
2,TS,High,-1.4636
2,TS,High,-1.9631
2,TS,High,-1.7219
2,TS,High,-1.5181
2,JS,High,-1.9296
2,JS,High,-1.6514
2,JS,High,-1.6126
2,JS,High,-1.458
2,JS,High,-2.7673
2,JS,High,-1.5947
2,JS,High,-2.859
2,JS,High,-2.4802
2,JS,High,-1.7749
2,JS,High,-1.4898
3,AB,High,-1.4207
3,AB,High,-1.6017
3,AB,High,-1.3998
3,AB,High,-1.5872
3,AB,High,-1.925
3,AB,High,-1.4703
3,AB,High,-1.4325
3,AB,High,-1.5852
3,AB,High,-1.4776
3,AB,High,-1.5439
3,EP,High,-1.7517
3,EP,High,-1.801
3,EP,High,-1.8842
3,EP,High,-1.7819
3,EP,High,-1.9452
3,EP,High,-1.7006
3,EP,High,-1.6352
3,EP,High,-1.85
3,EP,High,-1.7839
3,EP,High,-1.7506
3,TS,High,-1.6439
3,TS,High,-2.2851
3,TS,High,-1.7013
3,TS,High,-1.9784
3,TS,High,-1.6394
3,TS,High,-1.9915
3,TS,High,-2.4657
3,TS,High,-1.838
3,TS,High,-2.264
3,TS,High,-2.1616
3,JS,High,-2.2937
3,JS,High,-1.6421
3,JS,High,-2.2871
3,JS,High,-2.1408
3,JS,High,-2.3316
3,JS,High,-2.4947
3,JS,High,-1.8715
3,JS,High,-2.3668
3,JS,High,-2.1656
3,JS,High,-2.2251
4,AB,High,-1.4631
4,AB,High,-1.4397
4,AB,High,-1.4073
4,AB,High,-1.5183
4,AB,High,-1.5426
4,AB,High,-1.5469
4,AB,High,-1.6138
4,AB,High,-1.4081
4,AB,High,-1.466
4,AB,High,-1.4352
4,EP,High,-1.9732
4,EP,High,-1.8455
4,EP,High,-2.2658
4,EP,High,-3.9914
4,EP,High,-3.053
4,EP,High,-2.7542
4,EP,High,-2.2468
4,EP,High,-4.5354
4,EP,High,-3.2312
4,EP,High,-2.4109
4,TS,High,-3.4802
4,TS,High,-2.0389
4,TS,High,-3.4909
4,TS,High,-2.7114
4,TS,High,-2.6567
4,TS,High,-2.2321
4,TS,High,-2.5001
4,TS,High,-2.4762
4,TS,High,-2.3746
4,TS,High,-1.6418
4,JS,High,-2.4077
4,JS,High,-2.6904
4,JS,High,-2.2557
4,JS,High,-2.2608
4,JS,High,-3.105
4,JS,High,-1.9355
4,JS,High,-2.5439
4,JS,High,-2.1473
4,JS,High,-2.8277
4,JS,High,-2.1308
5,AB,High,-1.3954
5,AB,High,-1.3995
5,AB,High,-1.4775
5,AB,High,-1.4087
5,AB,High,-1.4603
5,AB,High,-1.4683
5,AB,High,-1.3975
5,AB,High,-1.4344
5,AB,High,-1.4288
5,AB,High,-1.4889
5,EP,High,-2.0652
5,EP,High,-2.4124
5,EP,High,-1.4362
5,EP,High,-1.4718
5,EP,High,-2.345
5,EP,High,-1.6269
5,EP,High,-1.5149
5,EP,High,-1.7823
5,EP,High,-2.5667
5,EP,High,-1.6113
5,TS,High,-4.0764
5,TS,High,-1.6335
5,TS,High,-1.5127
5,TS,High,-2.0673
5,TS,High,-1.4564
5,TS,High,-1.8211
5,TS,High,-1.4128
5,TS,High,-1.9003
5,TS,High,-1.5581
5,TS,High,-1.4738
5,JS,High,-2.2049
5,JS,High,-2.3456
5,JS,High,-1.8314
5,JS,High,-1.5943
5,JS,High,-2.368
5,JS,High,-1.7952
5,JS,High,-1.7984
5,JS,High,-2.1765
5,JS,High,-1.7245
5,JS,High,-2.8985
6,AB,High,-1.4617
6,AB,High,-1.4837
6,AB,High,-1.4551
6,AB,High,-1.3898
6,AB,High,-1.3974
6,AB,High,-1.3922
6,AB,High,-1.4668
6,AB,High,-1.4557
6,AB,High,-1.4218
6,AB,High,-1.3988
6,EP,High,-1.5672
6,EP,High,-2.3064
6,EP,High,-1.595
6,EP,High,-1.7519
6,EP,High,-1.681
6,EP,High,-1.7994
6,EP,High,-1.662
6,EP,High,-1.507
6,EP,High,-1.654
6,EP,High,-2.3413
6,TS,High,-1.6593
6,TS,High,-2.1022
6,TS,High,-1.5116
6,TS,High,-1.7861
6,TS,High,-1.8687
6,TS,High,-1.6733
6,TS,High,-1.5318
6,TS,High,-1.7505
6,TS,High,-1.472
6,TS,High,-1.4703
6,JS,High,-1.6802
6,JS,High,-1.6267
6,JS,High,-1.5528
6,JS,High,-1.5628
6,JS,High,-2.4768
6,JS,High,-2.428
6,JS,High,-2.0822
6,JS,High,-2.0603
6,JS,High,-1.6871
6,JS,High,-2.2453
7,AB,High,-1.5132
7,AB,High,-1.4498
7,AB,High,-1.7
7,AB,High,-1.4587
7,AB,High,-1.5052
7,AB,High,-1.4834
7,AB,High,-1.5012
7,AB,High,-1.3945
7,AB,High,-1.5068
7,AB,High,-1.4066
7,EP,High,-1.4719
7,EP,High,-1.4457
7,EP,High,-1.6052
7,EP,High,-1.4559
7,EP,High,-1.5421
7,EP,High,-1.7922
7,EP,High,-1.7321
7,EP,High,-1.5364
7,EP,High,-1.4454
7,EP,High,-1.5227
7,TS,High,-2.6936
7,TS,High,-1.7623
7,TS,High,-1.7696
7,TS,High,-2.1029
7,TS,High,-2.3791
7,TS,High,-2.2763
7,TS,High,-2.2505
7,TS,High,-2.1933
7,TS,High,-2.457
7,TS,High,-1.7315
7,JS,High,-1.7699
7,JS,High,-1.5187
7,JS,High,-1.5176
7,JS,High,-1.7655
7,JS,High,-1.6768
7,JS,High,-1.9324
7,JS,High,-1.4937
7,JS,High,-1.6583
7,JS,High,-1.5957
7,JS,High,-1.5398
8,AB,High,-1.5767
8,AB,High,-1.6555
8,AB,High,-1.6175
8,AB,High,-1.4159
8,AB,High,-1.6509
8,AB,High,-1.6784
8,AB,High,-1.5056
8,AB,High,-1.6976
8,AB,High,-1.5434
8,AB,High,-1.5166
8,EP,High,-1.8772
8,EP,High,-2.0484
8,EP,High,-2.417
8,EP,High,-2.0621
8,EP,High,-3.3919
8,EP,High,-1.7277
8,EP,High,-1.5274
8,EP,High,-3.1584
8,EP,High,-1.7454
8,EP,High,-1.8471
8,TS,High,-1.4988
8,TS,High,-2.2432
8,TS,High,-2.0346
8,TS,High,-1.6744
8,TS,High,-2.5653
8,TS,High,-1.8809
8,TS,High,-1.7413
8,TS,High,-1.6742
8,TS,High,-1.9094
8,TS,High,-2.2915
8,JS,High,-1.6886
8,JS,High,-1.9731
8,JS,High,-3.4379
8,JS,High,-2.2101
8,JS,High,-1.9124
8,JS,High,-2.181
8,JS,High,-1.8116
8,JS,High,-2.4362
8,JS,High,-1.9394
8,JS,High,-2.254
9,AB,High,-1.4306
9,AB,High,-1.5576
9,AB,High,-1.4668
9,AB,High,-1.4618
9,AB,High,-1.4821
9,AB,High,-1.4576
9,AB,High,-1.4728
9,AB,High,-1.4254
9,AB,High,-1.4829
9,AB,High,-1.4728
9,EP,High,-4.4848
9,EP,High,-2.6702
9,EP,High,-2.0986
9,EP,High,-1.9587
9,EP,High,-3.1578
9,EP,High,-2.3031
9,EP,High,-1.9377
9,EP,High,-3.7591
9,EP,High,-1.9072
9,EP,High,-3.137
9,TS,High,-1.7363
9,TS,High,-1.8793
9,TS,High,-1.5997
9,TS,High,-1.681
9,TS,High,-1.5133
9,TS,High,-1.5819
9,TS,High,-1.7014
9,TS,High,-1.585
9,TS,High,-1.9704
9,TS,High,-2.1871
9,JS,High,-1.6948
9,JS,High,-1.6731
9,JS,High,-2.5126
9,JS,High,-3.586
9,JS,High,-1.714
9,JS,High,-2.0416
9,JS,High,-1.7429
9,JS,High,-1.6833
9,JS,High,-2.105
9,JS,High,-2.1883
10,AB,High,-1.7322
10,AB,High,-1.4025
10,AB,High,-1.4744
10,AB,High,-1.5113
10,AB,High,-1.4694
10,AB,High,-1.6014
10,AB,High,-1.4847
10,AB,High,-1.8613
10,AB,High,-1.5006
10,AB,High,-1.4254
10,EP,High,-4.1393
10,EP,High,-4.1762
10,EP,High,-3.6485
10,EP,High,-1.9369
10,EP,High,-1.5953
10,EP,High,-1.7762
10,EP,High,-1.8989
10,EP,High,-1.5799
10,EP,High,-1.52
10,EP,High,-1.7222
10,TS,High,-2.3317
10,TS,High,-2.2788
10,TS,High,-3.178
10,TS,High,-2.797
10,TS,High,-3.4662
10,TS,High,-1.9425
10,TS,High,-2.7089
10,TS,High,-2.606
10,TS,High,-1.9949
10,TS,High,-2.8074
10,JS,High,-1.8486
10,JS,High,-1.5766
10,JS,High,-2.9512
10,JS,High,-2.1093
10,JS,High,-1.9211
10,JS,High,-1.7961
10,JS,High,-2.7986
10,JS,High,-2.0716
10,JS,High,-2.4158
10,JS,High,-1.6078
11,AB,High,-1.5556
11,AB,High,-1.4228
11,AB,High,-1.4788
11,AB,High,-1.3998
11,AB,High,-1.3989
11,AB,High,-1.4348
11,AB,High,-1.4024
11,AB,High,-1.6592
11,AB,High,-1.3982
11,AB,High,-1.4032
11,EP,High,-1.879
11,EP,High,-1.6443
11,EP,High,-1.7436
11,EP,High,-2.2331
11,EP,High,-2.0012
11,EP,High,-2.9116
11,EP,High,-3.07
11,EP,High,-2.548
11,EP,High,-2.2744
11,EP,High,-1.7852
11,TS,High,-1.6859
11,TS,High,-1.5249
11,TS,High,-1.5866
11,TS,High,-1.5357
11,TS,High,-1.7346
11,TS,High,-1.5555
11,TS,High,-1.5841
11,TS,High,-1.472
11,TS,High,-1.439
11,TS,High,-1.4947
11,JS,High,-2.1641
11,JS,High,-1.721
11,JS,High,-2.173
11,JS,High,-1.6128
11,JS,High,-1.5376
11,JS,High,-1.7159
11,JS,High,-1.8194
11,JS,High,-1.5528
11,JS,High,-1.587
11,JS,High,-2.4299
12,AB,High,-1.5835
12,AB,High,-1.4401
12,AB,High,-1.5917
12,AB,High,-1.5383
12,AB,High,-1.5415
12,AB,High,-1.4145
12,AB,High,-1.626
12,AB,High,-1.5624
12,AB,High,-1.5729
12,AB,High,-1.5072
12,EP,High,-1.575
12,EP,High,-1.611
12,EP,High,-1.8726
12,EP,High,-1.7517
12,EP,High,-1.5467
12,EP,High,-1.658
12,EP,High,-1.74
12,EP,High,-1.8084
12,EP,High,-2.2258
12,EP,High,-1.615
12,TS,High,-1.7667
12,TS,High,-1.6827
12,TS,High,-1.5781
12,TS,High,-1.9446
12,TS,High,-2.3454
12,TS,High,-1.6636
12,TS,High,-1.7898
12,TS,High,-1.6183
12,TS,High,-4.35
12,TS,High,-1.9278
12,JS,High,-2.4101
12,JS,High,-1.5638
12,JS,High,-1.403
12,JS,High,-1.4467
12,JS,High,-1.7376
12,JS,High,-1.6199
12,JS,High,-1.4539
12,JS,High,-1.5005
12,JS,High,-2.4343
12,JS,High,-1.403
13,AB,High,-1.4994
13,AB,High,-1.4547
13,AB,High,-1.4863
13,AB,High,-1.5143
13,AB,High,-1.5392
13,AB,High,-1.5135
13,AB,High,-1.5031
13,AB,High,-1.4747
13,AB,High,-1.4677
13,AB,High,-1.469
13,EP,High,-1.4341
13,EP,High,-1.4766
13,EP,High,-1.49
13,EP,High,-1.4704
13,EP,High,-2.4045
13,EP,High,-1.5086
13,EP,High,-1.554
13,EP,High,-1.5073
13,EP,High,-1.4951
13,EP,High,-1.6584
13,TS,High,-4.0976
13,TS,High,-1.655
13,TS,High,-1.7848
13,TS,High,-2.0048
13,TS,High,-1.9251
13,TS,High,-2.0574
13,TS,High,-1.7523
13,TS,High,-2.013
13,TS,High,-2.2266
13,TS,High,-1.8459
13,JS,High,-1.8468
13,JS,High,-1.5756
13,JS,High,-1.5092
13,JS,High,-1.5673
13,JS,High,-1.7332
13,JS,High,-1.6117
13,JS,High,-1.7378
13,JS,High,-1.5667
13,JS,High,-1.6116
13,JS,High,-1.6757
14,AB,High,-1.4113
14,AB,High,-1.7441
14,AB,High,-1.3957
14,AB,High,-1.4009
14,AB,High,-1.8096
14,AB,High,-1.5887
14,AB,High,-1.3977
14,AB,High,-1.443
14,AB,High,-1.4049
14,AB,High,-1.3928
14,EP,High,-1.8574
14,EP,High,-1.5886
14,EP,High,-2.1104
14,EP,High,-1.478
14,EP,High,-1.4397
14,EP,High,-1.6364
14,EP,High,-1.5331
14,EP,High,-2.3698
14,EP,High,-1.9663
14,EP,High,-2.8648
14,TS,High,-1.5306
14,TS,High,-2.0658
14,TS,High,-2.7828
14,TS,High,-3.4081
14,TS,High,-1.9885
14,TS,High,-1.4844
14,TS,High,-1.7218
14,TS,High,-1.5808
14,TS,High,-1.5446
14,TS,High,-1.6112
14,JS,High,-1.4613
14,JS,High,-1.4143
14,JS,High,-1.5101
14,JS,High,-1.6683
14,JS,High,-1.4419
14,JS,High,-1.5494
14,JS,High,-1.4192
14,JS,High,-1.4234
14,JS,High,-1.4061
14,JS,High,-1.4633
15,AB,High,-1.4677
15,AB,High,-1.5542
15,AB,High,-1.4023
15,AB,High,-1.3982
15,AB,High,-1.4594
15,AB,High,-1.4956
15,AB,High,-1.3985
15,AB,High,-1.5107
15,AB,High,-1.4613
15,AB,High,-1.4491
15,EP,High,-2.3932
15,EP,High,-1.6401
15,EP,High,-1.8477
15,EP,High,-2.1148
15,EP,High,-1.8708
15,EP,High,-1.8327
15,EP,High,-1.906
15,EP,High,-1.7728
15,EP,High,-1.641
15,EP,High,-2.2678
15,TS,High,-1.7801
15,TS,High,-1.4754
15,TS,High,-2.0926
15,TS,High,-1.8419
15,TS,High,-1.8677
15,TS,High,-1.7551
15,TS,High,-1.8694
15,TS,High,-1.7142
15,TS,High,-1.8224
15,TS,High,-2.0302
15,JS,High,-1.6038
15,JS,High,-1.7138
15,JS,High,-1.8127
15,JS,High,-1.5154
15,JS,High,-1.6341
15,JS,High,-2.0208
15,JS,High,-1.5236
15,JS,High,-1.6476
15,JS,High,-1.5473
15,JS,High,-1.6282
